"pc_armor_legs_default","Black Suit","A cheap space suit, graciously provided when buying the EX4000 starship."
"pc_armor_legs_tin","Tin Greaves","Offers low protection, but can still save your life."
"pc_armor_legs_copper","Copper Greaves","Offers low protection, but can still save your life."
"pc_armor_legs_bronze","Bronze Greaves","Made from an alloy of tin and copper, this bronze armor provides decent protection."
"pc_armor_legs_iron","Iron Greaves","This armor makes you feel really safe."
"pc_armor_legs_steel","Steel Greaves","This armor, although light, is incredibly tough."
"pc_armor_legs_silver","Silver Greaves","A beautiful silver armor decorated with luxurious details."
"pc_armor_legs_gold","Golden Greaves","A shiny golden armor!"
"pc_armor_legs_dark","Dark Greaves","A dark energy emanates from this armor."
"pc_armor_legs_dragon","Dragon Greaves","Crafted with scales from an infernal creature, this armor provides outstanding protection!"
"pc_armor_body_default","Black Suit","A cheap space suit, graciously provided when buying the EX4000 starship."
"pc_armor_body_tin","Tin Armor","Offers low protection, but can still save your life."
"pc_armor_body_copper","Copper Armor","Offers low protection, but can still save your life."
"pc_armor_body_bronze","Bronze Armor","Made from an alloy of tin and copper, this bronze armor provides decent protection."
"pc_armor_body_iron","Iron Armor","This armor makes you feel really safe."
"pc_armor_body_steel","Steel Armor","This armor, although light, is incredibly tough."
"pc_armor_body_silver","Silver Armor","A beautiful silver armor decorated with luxurious details."
"pc_armor_body_gold","Golden Armor","A shiny golden armor!"
"pc_armor_body_dark","Dark Armor","A dark energy emanates from this armor."
"pc_armor_body_dragon","Dragon Armor","Crafted with scales from an infernal creature, this armor provides an outstanding protection!"
"pc_armor_helmet_tin","Tin Helmet","Offers low protection, but can still save your life."
"pc_armor_helmet_copper","Copper Helmet","Offers low protection, but can still save your life."
"pc_armor_helmet_bronze","Bronze Helmet","Made from an alloy of tin and copper, this bronze helmet provides decent protection."
"pc_armor_helmet_iron","Iron Helmet","This helmet makes you feel really safe."
"pc_armor_helmet_steel","Steel Helmet","This helmet, although light, is incredibly tough."
"pc_armor_helmet_silver","Silver Helmet","A beautiful silver helmet decorated with luxurious details."
"pc_armor_helmet_silver2","Silver Helmet","A silver helmet shaped like a skull to frighten your enemies."
"pc_armor_helmet_gold","Golden Helmet","A shiny golden helmet."
"pc_armor_helmet_gold2","Tiger Helmet","A golden helmet inspired by an ancient predator from earth"
"pc_armor_helmet_dark","Dark Helmet","A dark energy emanates from this helmet."
"pc_armor_helmet_dragon","Dragon Helmet","Crafted with scales from an infernal creature, this helmet provides outstanding protection!"
"pc_armor_helmet_skull","Skull Helmet","A helmet made to frighten enemies."
"pc_armor_wizard_hat","Wizard's Hat","Every wizard's favourite hat !"
"pc_armor_chefs_hat","Chef's Hat","Every chef's favourite hat !"
"pc_shield_tin","Tin Shield","Offers low protection, but can still save your life."
"pc_shield_copper","Copper Shield","Offers low protection, but can still save your life."
"pc_shield_bronze","Bronze Shield","Made from an alloy of tin and copper, this bronze shield provides decent protection."
"pc_shield_iron","Iron Shield","This shield makes you feel really safe."
"pc_shield_steel","Steel Shield","This shield, although light, is incredibly tough."
"pc_shield_silver","Silver Shield","A beautiful silver shield decorated with luxurious details."
"pc_shield_gold","Golden Shield","Its brightness is on par with its toughness."
"pc_shield_dragon","Dragon Shield","Crafted with scales from an infernal creature, this armor provides outstanding protection!"
"pc_sword_wood","Wooden Sword","'It's dangerous to go alone, take this!'"
"pc_sword_tin","Rookie Sword","A simple sword, perfect for a rookie."
"pc_sword_copper","Forged Sword","A simple sword, perfect for a rookie."
"pc_sword_bronze","Bronze Sword","A heavy sword with a dull blade, made of an alloy of tin and copper."
"pc_sword_iron","Knight Sword","An authentic knight sword!"
"pc_sword_steel","Steel Sword","This weapon, although light, is extremely tough."
"pc_sword_silver","Silver Sword","Your attack speed will increase greatly using this silver sword!"
"pc_sword_leaf","Leaf Sword","A sword made of sharp leaves."
"pc_sword_gold","Royal Sword","A golden sword forged for a king."
"pc_sword_fire","Dragon Sword","A sword crafted from dragon scales."
"pc_sword_wild","Wild Sword","A savage and destructive sword."
"pc_sword_basic","Basic Sword","A simple sword, perfect for a rookie."
"pc_sword_copper2","Recruit's Sword","A simple sword, perfect for a rookie."
"pc_sword_protector","Protector's Sword","A blade dedicated to protect the weak and the oppressed."
"pc_sword_katana","Katana","This blade is as sharp as a razor."
"pc_sword_arcane","Arcane Sword","A powerful magic energy emanates from ths sword."
"pc_sword_shark","Shark Sword","A sword with a serrated blade."
"pc_sword_butcher","Butcher's Slicer","Slice through meat without subtility!"
"pc_sword_guardian","Guardian Sword","A sword made to protect the weak and the oppressed."
"pc_sword_green","Snake's Fang","A blade coated in poison."
"pc_sword_red_blade","Red Blade","The blood of your enemies accumulates on this flame-red blade."
"pc_sword_vorpal","Vorpal Sword","Watch your back, Jabberwock !"
"pc_sword_blackguard","Blackguard Sword","A dark blade of great quality."
"pc_sword_poison","Venom","A powerful blade coated with a deadly poison."
"pc_sword_burn","Blazing Sword","A blade that severely burns your enemies."
"pc_sword_shadow","Shadow","A blade that blinds your enemies."
"pc_sword_ice","Iceberg","A blade that freezes your enemies."
"pc_bow_debug","Bow","A basic bow."
"pc_bow_wood","Wooden Bow","A wooden bow."
"pc_bow_iron","Iron Bow","A bow with iron limbs."
"pc_bow_steel","Steel Bow","A steel bow, light and tough."
"pc_bow_silver","Silver Bow","A bow reinforced with silver plates."
"pc_bow_gold","Golden Bow","The gold covering this bow is dazzling!"
"pc_bow_dark","Dark Bow","A dark bow."
"pc_boomerang_wood","Wooden Boomerang","A wooden boomerang."
"pc_boomerang_steel","Steel Boomerang","The steel forming this boomerang turns it into a deadly weapon."
"pc_boomerang_gold","Gold Boomerang","A dazzling boomerang!"
"pc_boomerang_dark","Dark Boomerang","A dark boomerang."
"pc_arrow_wood","Wooden Arrow","A basic but efficient arrow."
"pc_arrow_iron","Iron Arrow","A sharp and tough arrow."
"pc_arrow_silver","Silver Arrow","An arrow made from pure silver."
"pc_arrow_gold","Golden Arrow","A dazzling arrow!"
"pc_arrow_dark","Dark Arrow","A dark arrow."
"pc_armor_zombi_mask","Mask","A zombie mask."
"pc_armor_scorpion_mask","Mask","A scorpion mask."
"pc_armor_crawler_mask","Mask","A crawler mask."
"pc_armor_eagle_mask","Mask","An eagle mask."
"pc_armor_creeping_mask","Mask","A creep mask."
"pc_armor_ghost_mask","Mask","A ghost mask."
"pc_armor_butcher_mask","Mask","A mask of the terrible Butcher."
"pc_armor_golem_mask","Mask","A golem mask."
"pc_armor_wood_mask","Mask","A wooden mask."
"pc_axe","Axe","Indispensable to gather wood."
"pc_spade_wood","Wooden Hoe","Allows to harvest plants without destroying blocks."
"pc_pickaxe_wood","Wooden Pickaxe","An improvised wooden pickaxe."
"pc_pickaxe_tin","Tin Pickaxe","A tin pickaxe."
"pc_pickaxe_copper","Copper Pickaxe","A copper pickaxe."
"pc_pickaxe_bronze","Bronze Pickaxe","A bronze pickaxe, from now on stone won't ever resist you!"
"pc_pickaxe_iron","Iron Pickaxe","A heavy but efficient pickaxe."
"pc_pickaxe_steel","Steel Pickaxe","Dig faster with this light and tough pickaxe!"
"pc_pickaxe_silver","Silver Pickaxe","Dig even faster thanks to the lightness of this finely-worked silver pickaxe!"
"pc_pickaxe_gold","Golden Pickaxe","Nothing resists this pickaxe decorated with a magnificent gem."
"pc_anvil_npc","Smith's Anvil","The essential tool for smiths!"
"pc_cauldron_npc","Chef's Cauldron","The essential tool for chefs!"
"pc_alchemy_table_npc","Wizard's Table","The essential tool for wizards!"
"pc_middleages_woodworking","Advanced Crafting Table","A wooden workbench, crafted like in the Middle Ages."
"pc_runic_table_craft","Runic Crafting Table","A runic table capable of merging runes."
"pc_middleages_forge","Furnace","A typical medieval furnace."
"pc_middleages_foundry","Foundry","A typical medieval foundry."
"pc_middleages_anvil_tin","Tin Anvil","A tin anvil."
"pc_middleages_anvil_copper","Copper Anvil","A copper anvil."
"pc_middleages_anvil_bronze","Bronze Anvil","A bronze anvil."
"pc_middleages_anvil","Iron Anvil","An iron anvil."
"pc_anvil_steel","Steel Anvil","A steel anvil."
"pc_anvil_silver","Silver Anvil","A silver anvil."
"pc_anvil_gold","Golden Anvil","A golden anvil."
"pc_middleages_cauldron","Middle Ages Cauldron","A cauldron allowing you to prepare various mixtures."
"pc_middleages_besidetable", "Middle Ages Beside Table", "A wooden beside table"
"pc_table_transformation","Transformation Table","Allows you to transform into an infinity of monsters."
"pc_meat_rack","Meat rack","A meat drying rack."

"pc_chicken_manger","Chicken Manger","A manger for hens."
"pc_cow_manger","Cow Manger","A manger for cows."

"pc_block_maker","Block Maker","A very curious machine capable of transforming raw materials into blocks."
"pc_runic_anvil","Runic Anvil","A runic anvil allowing you to socket runes into your equipment."
"pc_campfire","Campfire","A campfire allowing you to regenerate health points!"

"pc_alchemy_bookcase","Alchemy Bookcase","A bookcase full of alchemy books."
"pc_alchemy_door","Alchemy Door","An alchemy door warning anyone trying to go through it."
"pc_alchemy_table","Alchemy Table","An alchemy table allowing you to create potions."
"pc_alchemy_table2","Alchemy Table","An alchemy table allowing you to create potions."
"pc_alchemy_chair","Alchemy Chair","A chair made for an alchemist."
"pc_alchemy_skull","Alchemy Skull","A skull used as a candlestick."

"pc_donjon_platform","Dungeon Platform","A platform recovered in a dungeon."
"pc_soul_crystal","Soul Crystal","This mysterious crystal contains a lot of souls, collected over the years."

"pc_flesh_workbench","Flesh Workbench", "A workbench made of flesh. Not for the faint hearted!"
"pc_flesh_banner","Flesh Banner","A banner made of flesh. Not for the faint hearted!"
"pc_flesh_chair","Flesh Chair","A chair made of flesh. Not for the faint hearted!"
"pc_flesh_chandelier","Flesh Chandelier","A candlestick made of flesh. Not for the faint hearted!"
"pc_flesh_couch","Flesh Couch","A couch made of flesh. Not for the faint hearted!"
"pc_flesh_decoration","Flesh Decoration","A decoration made of flesh. Not for the faint hearted!"
"pc_flesh_decoration2","Flesh Decoration","A decoration made of flesh. Not for the faint hearted!"
"pc_flesh_door","Flesh Door","A door made of flesh. Not for the faint hearted!"
"pc_flesh_table","Flesh Table","A chair made of flesh. Not for the faint hearted!"
"pc_flesh_wardrobe","Flesh Wardrobe","A wardrobe made of flesh. Not for the faint hearted!"
"pc_flesh_wardrobe2","Flesh Wardrobe","A wardrobe made of flesh. Not for the faint hearted!"

"pc_gold_platform","Golden Platform","A golden platform!"
"pc_gold_workbench","Golden Workbench","A golden workbench!"
"pc_gold_armchair";"Golden Armchair","A golden armchair!"
"pc_gold_commode","Golden Commode","A golden commode!"
"pc_gold_bed","Golden Bed","A golden bed!"
"pc_gold_candlestick","Golden Candlestick","A golden candlestick!"
"pc_gold_chair","Golden Chair","A golden chair!"
"pc_gold_couch","Colden Couch","A golden couch!"
"pc_gold_door","Golden Door","A golden door!"
"pc_gold_table","Golden Table","A golden table!"
"pc_gold_table2","Golden Table","A golden table!"
"pc_gold_wardrobe","Golden Wardrobe","A golden wardrobe!"
"pc_gold_chandelier","Golden Chandelier","A golden chandelier!"
"pc_brick_gold1","Golden Brick","A golden brick!"
"pc_brick_gold2","Golden Brick","A golden brick!"
"pc_brick_gold3","Golden Block","A golden block!"

"pc_ice_workbench","Ice Workbench", "A workbench made of ice."
"pc_ice_table","Ice Table","A table made of ice."
"pc_ice_table2","Ice Table","A table made of ice."
"pc_ice_chair","Ice Chair","A chair made of ice."
"pc_ice_armchair","Ice Armchair","An armchair made of ice."
"pc_ice_sofa","Ice Sofa","A sofa made of ice."
"pc_ice_bed","Ice Bed","A bed made of ice."
"pc_ice_wardrobe","Ice Wardrobe","A wardrobe made of ice."
"pc_ice_commode", "Ice Drawers", "A drawers made of ice."
"pc_ice_chandelier","Ice Chandelier","A chandelier made of ice."
"pc_ice_floor_lamp","Ice Lamp", "A lamp made of ice."
"pc_ice_door","Ice Door","A door made of ice."
"pc_ice_platform","Ice platform","A platform made of ice."

"pc_slime_workbench","Slime Workbench","A workbench made of slime remains. I wonder how they hold together..."
"pc_slime_table","Slime Table","A table made of slime remains. I wonder how they hold together..."
"pc_slime_table2","Slime Table","A table made of slime remains. I wonder how they hold together..."
"pc_slime_table3","Slime Table","A table made of slime remains. I wonder how they hold together..."
"pc_slime_chair","Slime Chair","A chair made of slime remains. I wonder how they hold together..."
"pc_slime_armchair2","Slime Armchair","An armchair made of slime remains. I wonder how they hold together..."
"pc_slime_armchair","Slime Sofa","A sofa made of slime remains. I wonder how they hold together..."
"pc_slime_bed","Slime Bed","A bed made of slime remains. I wonder how they hold together..."
"pc_slime_ceil_lamp","Slime Chandelier","A chandelier made of slime remains. I wonder how they hold together..."
"pc_slime_ceil_lamp2","Slime Chandelier","A chandelier made of slime remains. I wonder how they hold together..."
"pc_slime_door","Slime Door","A door made of slime remains. I wonder how they hold together..."
"pc_slime_platform","Slime Platform","A platform made of slime remains. I wonder how they hold together..."

"pc_torture_workbench","Torture Workbench","Torture Workbench"
"pc_torture_table","Torture Table","Spikes on a table. Everything's fine."
"pc_torture_table2","Torture Table","Spikes on a table. Everything's fine."
"pc_torture_chair","Torture Chair","The perfect chair to relax..."
"pc_torture_chair2","Torture Chair","The perfect chair to relax..."
"pc_torture_chair3","Torture Chair","The perfect chair to relax..."
"pc_torture_sofa","Torture Sofa","Sit down. It's very comfortable, you'll see!"
"pc_torture_couch","Torture Couch","This may not be the most comfortable couch ever."
"pc_torture_couch2","Torture Couch","This may not be the most comfortable couch ever."
"pc_torture_couch3","Torture Couch","This may not be the most comfortable couch ever."
"pc_torture_bed","Torture Bed","Have fun sleeping on this!"
"pc_torture_bed2","Torture Bed","Have fun sleeping on this!"
"pc_torture_decoration6","Torture Decoration","Some very tasteful decorations."
"pc_torture_wardrobe","Torture Wardrobe","A wardrobe to store your clothes and tools."
"pc_torture_wardrobe2","Torture Wardrobe","A wardrobe to store your clothes and tools."
"pc_torture_commode","Torture Commode","A commode that will fulfill every sadist."
"pc_torture_chandelier","Torture Chandelier","This chandelier will brighten your ceiling."
"pc_torture_door","Torture Door","This doors clearly shows what to expect behind it."
"pc_torture_cage","Torture Cage","The ideal cage to settle your guests."
"pc_torture_iron_maiden","Iron Maiden","An antique torture instrument."
"pc_torture_decoration","Torture Decoration","Some very tasteful decorations."
"pc_torture_decoration2","Torture Decoration","Some very tasteful decorations."
"pc_torture_decoration3","Torture Decoration","Some very tasteful decorations."
"pc_torture_decoration4","Torture Decoration","Some very tasteful decorations."
"pc_torture_decoration5","Torture Decoration","Some very tasteful decorations."
"pc_torture_platform","Torture Platform","Torture Platform."

"pc_middleages_banner","Middle Ages Banner","A banner with typical medieval designs."
"pc_middleages_banner2","Middle Ages Banner","A banner with typical medieval designs."
"pc_middleages_banner3","Middle Ages Banner","A banner with typical medieval designs."
"pc_middleages_bed","Middle Ages Bed","A typical medieval bed."
"pc_middleages_bed2","Middle Ages Bed","A typical medieval bed."
"pc_middleages_chandelier","Middle Ages Chandelier","A typical medieval chandelier."
"pc_middleages_bedsidetable","Middle Ages Bedside table","A typical medieval bedside table."
"pc_middleages_candlestick","Middle Ages Candlestick","A typical medieval candlestick."
"pc_middleages_table","Middle Ages Table","A typical medieval table."
"pc_middleages_wardrobe","Middle Ages Wardrobe","A medieval-styled wardrobe."
"pc_middleages_decoration","Middle Ages Decoration","A popular medieval decoration."
"pc_middleages_decoration3","Middle Ages Decoration","A popular medieval decoration."
"pc_middleages_decoration4","Middle Ages Decoration","A popular medieval decoration."
"pc_middleages_decoration5","Middle Ages Decoration","A popular medieval decoration."
"pc_middleages_decoration6","Middle Ages Decoration","A popular medieval decoration."
"pc_middleages_decoration7","Middle Ages Decoration","A popular medieval decoration."
"pc_middleages_lamp2","Middle Ages Lamp","A strangely crafted lamp, from the Middle Ages."
"pc_middleages_lamp3","Middle Ages Lamp","A lamp crafted like in the Middle Ages."
"pc_middleages_lampost","Middle Ages Lamp Post","A lamp post from the Middle Ages."
"pc_middleages_lamp","Middle Ages Lamp","A lamp crafted like in the Middle Ages."

"pc_rococo_platform","Rococo Platform","A platform in the pure Rococo style."
"pc_rococo_woodworking","Rococo Woodworking","A woodworking in the pure Rococo style."
"pc_rococo_table","Rococo Table","A table in the pure Rococo style."
"pc_rococo_bed","Rococo Bed","A bed in the pure Rococo style."
"pc_rococo_wardrobe","Rococo Wardrobe","A wardrobe in the pure Rococo style."
"pc_rococo_door","Rococo Door","A door in the pure Rococo style."
"pc_rococo_workbench","Rococo Workbench","A workbench in the pure Rococo style."
"pc_rococo_armchair","Rococo Armchair","An armchair in the pure Rococo style."
"pc_rococo_besidetable","Rococo Bedside Dresser","A bedside table in the pure Rococo style."
"pc_rococo_besidetable2","Rococo Bedside Dresser","A bedside table in the pure Rococo style."
"pc_rococo_dresser","Rococo Dresser","A dresser in the pure Rococo style."
"pc_rococo_dresser2","Rococo Dresser","A dresser in the pure Rococo style."
"pc_rococo_chair","Rococo Chair","A chair in the pure Rococo style."
"pc_rococo_chandelier","Rococo Chandelier","A chandelier in the pure Rococo style."
"pc_rococo_couch","Rococo Couch","A couch in the pure Rococo style."
"pc_rococo_lamp","Rococo Lamp","A lamp in the pure Rococo style."

"pc_roman_banner_little1","Roman Little Banner","A banner decorated in the purest roman style."
"pc_roman_banner_little2","Roman Little Banner","A banner decorated in the purest roman style."
"pc_roman_banner1","Roman Banner","A banner decorated in the purest roman style."
"pc_roman_banner2","Roman Banner","A banner decorated in the purest roman style."
"pc_roman_banner3","Roman Banner","A banner decorated in the purest roman style."
"pc_roman_chair","Roman Chair","A roman-styled chair."
"pc_roman_commode","Roman Commode","A roman-styled commode."
"pc_roman_couch","Roman Couch","A roman-styled couch."
"pc_roman_door","Roman Door","A typical door from the roman empire."
"pc_roman_table","Roman Table","A typical table from roman habitations."
"pc_roman_wardrobe","Roman Wardrobe","A wardrobe with typical roman design."
"pc_roman_chandelier","Roman Chandelier","A chandelier crafted like in Roman Antiquity."
"pc_roman_chandelier2","Roman Chandelier","A chandelier crafted like in Roman Antiquity."

"pc_royal_banner1","Royal Banner","A banner worthy of kings."
"pc_royal_banner2","Royal Banner","A banner worthy of kings."
"pc_royal_banner3","Royal Banner","A banner worthy of kings."
"pc_royal_bed","Royal Bed","A bed worthy of kings."
"pc_royal_chandelier","Royal Chandelier","A finely-crafted royal chandelier."
"pc_royal_chandelier2","Royal Chandelier","A finely-crafted royal chandelier."
"pc_royal_chair","Royal Chair","A majestic throne which reinforces the aura of him who sits on it."
"pc_royal_brazier","Royal Brazier","A majestic brazier for long winter nights."
"pc_royal_lamp","Royal Lamp","A royal lamp."
"pc_royal_table","Royal Table","A royal table."
"pc_royal_wardrobe","Royal Wardrobe","A royal wardrobe."

"pc_ancien_platform","Ancient Platform","A platform created by an ancient civilization living in the desert."
"pc_ancien_sand_commode","Ancient Commode","A commode created by an ancient civilization living in the desert."
"pc_ancien_sand_workbench","Ancient Workbench","A workbench created by an ancient civilization living in the desert."
"pc_ancien_sand_wardrobe","Ancient Wardrobe","A wardrobe created by an ancient civilization living in the desert."
"pc_ancien_sand_wardrobe2","Ancient Wardrobe","A wardrobe created by an ancient civilization living in the desert."
"pc_ancien_sand_table","Ancient Table","A table created by an ancient civilization living in the desert."
"pc_ancien_sand_table2","Ancient Table","A table created by an ancient civilization living in the desert."
"pc_ancien_sand_table3","Ancient Table","A table created by an ancient civilization living in the desert."
"pc_ancien_sand_lamp","Ancient Lamp","A lamp created by an ancient civilization living in the desert."
"pc_ancien_sand_lamp2","Ancient Lamp","A lamp created by an ancient civilization living in the desert."
"pc_ancien_sand_bed","Ancient Bed","A bed created by an ancient civilization living in the desert."
"pc_ancien_sand_bed2","Ancient Bed","A bed created by an ancient civilization living in the desert."
"pc_ancien_sand_chair","Ancient Chair","A chair created by an ancient civilization living in the desert."
"pc_ancien_sand_door","Ancient Door","A door created by an ancient civilization living in the desert."

"pc_savage_door","Savage Door","A door made of bamboo and leather."
"pc_savage_door2","Savage Door","A door made of bamboo."
"pc_savage_bed","Savage Bed","A bed made of bamboo and leather."
"pc_savage_chandelier","Savage Chandelier","A chandelier made of bamboo."
"pc_savage_armchair","Savage Armchair","A chair made of bamboo and leather."
"pc_savage_couch","Savage Couch","A bed made of bamboo and leather."
"pc_savage_brazier","Savage Brazier","A brazier made of bamboo and leather."
"pc_savage_table","Savage Table","A table made of bamboo and leather."
"pc_savage_wardrobe","Savage Wardrobe","A wardrobe made of bamboo and leather."

"pc_stoneage_platform","Stone Age Platform","A platform of a prehistoric style."
"pc_stoneage_table","Stone Age Table","A table of a prehistoric style."
"pc_stoneage_workbench","Stone Age Workbench","A workbench of a prehistoric style."
"pc_stoneage_wardrobe","Stone Age Wardrobe","A wardrobe of a prehistoric style."
"pc_stoneage_table1","Stone Age Table","A table of a prehistoric style."
"pc_stoneage_table2","Stone Age Table","A table of a prehistoric style."
"pc_stoneage_table3","Stone Age Table","A table of a prehistoric style."
"pc_stoneage_chair","Stone Age Chair","A chair of a prehistoric style."
"pc_stoneage_chair2","Stone Age Chair","A chair of a prehistoric style."
"pc_stoneage_bed","Stone Age Bed","A bed of a prehistoric style."
"pc_stoneage_chandelier","Stone Age Chandelier","A chandelier of a prehistoric style."
"pc_stoneage_chandelier2","Stone Age Chandelier","A chandelier of a prehistoric style."
"pc_stoneage_commode","Stone Age Commode","A commode of a prehistoric style."
"pc_stoneage_decoration","Stone Age Decoration","A painted stone of a prehistoric style."
"pc_stoneage_sofa","Stone Age Sofa","A sofa of a prehistoric style."
"pc_torch_wood","Glowing Wooden Stick","This is not a torch, but it lights nearly as much."
"pc_torch","Torch","This wooden torch will be your ally in the darkest caverns."
"pc_torch_donjon","Dungeon Torch","A torch that would give any room an unsettling aura."
"pc_torch_green","Torch","This wooden torch will be your ally in the darkest caverns."
"pc_torch_aqua","Torch","This wooden torch will be your ally in the darkest caverns."

"pc_wood_barrel","Wooden Barrel","A wooden barrel, for storing commodities."
"pc_wood_bedside_table","Wooden Bedside Table","A tough wooden bedside table."
"pc_wood_bedside_table_2","Wooden Bedside Table","A tough wooden bedside table."
"pc_wood_table","Wooden Table","A simple table, but it's made of solid wood."
"pc_wood_table_2","Wooden Table","A simple table, but it's made of solid wood."
"pc_wood_table_3","Wooden Table","A simple table, but it's made of solid wood."
"pc_wood_door","Wooden Door","A solid door made of thick wood planks."
"pc_wood_chair","Wooden Chair","A solid wooden chair."
"pc_wood_chair_2","Wooden Chair","A solid wooden chair."
"pc_wood_box","Wooden Box","A wooden box, for multiple purposes."
"pc_wood_little_box","Wooden Little Box","A little wooden box, for storing merchandise."
"pc_wood_stool","Wooden Stool","A stool made of wood."
"pc_wood_stool_2","Wooden Stool","A stool made of wood."
"pc_wood_weapon_rack","Wooden Weapon Rack","A weapon rack made of solid wood."
"pc_wood_platform","Wooden Platform","A simple but tough wooden platform."
"pc_wooden_sign_up","Wooden Sign","A wooden sign, to give indications."
"pc_wooden_sign_down","Wooden Sign","A wooden sign, to give indications."
"pc_wooden_sign_right","Wooden Sign","A wooden sign, to give indications."
"pc_zombie_chandelier","Zombie Chandelier","A chandelier made of zombie parts. To each his own..."
"pc_zombie_chandelier2","Zombie Chandelier","A chandelier made of zombie parts. To each his own..."
"pc_zombie_armchair","Zombie Armchair","An armchair made of zombie parts. To each his own..."
"pc_zombie_lamp","Zombie Lamp","A lamp made of zombie parts. To each his own..."
"pc_zombie_brazier","Zombie Brazier","A brazier made of zombie parts. To each his own..."
"pc_zombie_table","Zombie Table","A table made of zombie parts. To each his own..."
"pc_drop_arrow_wood","Wooden Arrow","A basic but efficient arrow."
"pc_drop_arrow_iron","Iron Arrow","Tough and sharp. Rusts faster than a steel arrow."
"pc_drop_arrow_silver","Silver Arrow","Very useful against Triforce thieves."
"pc_drop_arrow_gold","Gold Arrow","Aim well, these arrows cost a real fortune!"
"pc_drop_arrow_dark","Dark Arrow","Dark arrows."
"pc_drop_agate1","Chipped Agate","A precious stone allowing to store spells."
"pc_drop_agate2","Flawed Agate","A precious stone allowing to store spells."
"pc_drop_agate3","Agate","A precious stone allowing to store spells."
"pc_drop_agate4","Polished Agate","A precious stone allowing to store spells."
"pc_drop_agate5","Flawless Agate","A precious stone allowing to store spells."
"pc_drop_agate6","Legendary Agate","A precious stone allowing to store spells."
"pc_drop_agate7","Divine Agate","A precious stone allowing to store spells."
"pc_drop_amethyst1","Chipped Amethyst","A precious stone allowing to store spells."
"pc_drop_amethyst2","Flawed Amethyst","A precious stone allowing to store spells."
"pc_drop_amethyst3","Amethyst","A precious stone allowing to store spells."
"pc_drop_amethyst4","Polished Amethyst","A precious stone allowing to store spells."
"pc_drop_amethyst5","Flawless Amethyst","A precious stone allowing to store spells."
"pc_drop_amethyst6","Legendary Amethyst","A precious stone allowing to store spells."
"pc_drop_amethyst7","Divine Amethyst","A precious stone allowing to store spells."
"pc_drop_diamond1","Chipped Diamond","A precious stone allowing to store spells."
"pc_drop_diamond2","Flawed Diamond","A precious stone allowing to store spells."
"pc_drop_diamond3","Diamond","A precious stone allowing to store spells."
"pc_drop_diamond4","Polished Diamond","A precious stone allowing to store spells."
"pc_drop_diamond5","Flawless Diamond","A precious stone allowing to store spells."
"pc_drop_diamond6","Legendary Diamond","A precious stone allowing to store spells."
"pc_drop_diamond7","Divine Diamond","A precious stone allowing to store spells."
"pc_drop_emerald1","Chipped Emerald","A precious stone allowing to store spells."
"pc_drop_emerald2","Flawed Emerald","A precious stone allowing to store spells."
"pc_drop_emerald3","Emerald","A precious stone allowing to store spells."
"pc_drop_emerald4","Polished Emerald","A precious stone allowing to store spells."
"pc_drop_emerald5","Flawless Emerald","A precious stone allowing to store spells."
"pc_drop_emerald6","Legendary Emerald","A precious stone allowing to store spells."
"pc_drop_emerald7","Divine Emerald","A precious stone allowing to store spells."
"pc_drop_onyx1","Chipped Onyx","A precious stone allowing to store spells."
"pc_drop_onyx2","Flawed Onyx","A precious stone allowing to store spells."
"pc_drop_onyx3","Onyx","A precious stone allowing to store spells."
"pc_drop_onyx4","Polished Onyx","A precious stone allowing to store spells."
"pc_drop_onyx5","Flawless Onyx","A precious stone allowing to store spells."
"pc_drop_onyx6","Legendary Onyx","A precious stone allowing to store spells."
"pc_drop_onyx7","Divine Onyx","A precious stone allowing to store spells."
"pc_drop_ruby1","Chipped Ruby","A precious stone allowing to store spells."
"pc_drop_ruby2","Flawed Ruby","A precious stone allowing to store spells."
"pc_drop_ruby3","Ruby","A precious stone allowing to store spells."
"pc_drop_ruby4","Polished Ruby","A precious stone allowing to store spells."
"pc_drop_ruby5","Flawless Ruby","A precious stone allowing to store spells."
"pc_drop_ruby6","Legendary Ruby","A precious stone allowing to store spells."
"pc_drop_ruby7","Divine Ruby","A precious stone allowing to store spells."
"pc_drop_saphire1","Chipped Sapphire","A precious stone allowing to store spells."
"pc_drop_saphire2","Flawed Sapphire","A precious stone allowing to store spells."
"pc_drop_saphire3","Sapphire","A precious stone allowing to store spells."
"pc_drop_saphire4","Polished Sapphire","A precious stone allowing to store spells."
"pc_drop_saphire5","Flawless Sapphire","A precious stone allowing to store spells."
"pc_drop_saphire6","Legedary Sapphire","A precious stone allowing to store spells."
"pc_drop_saphire7","Divine Sapphire","A precious stone allowing to store spells."
"pc_drop_topaz1","Chipped Topaz","A precious stone allowing to store spells."
"pc_drop_topaz2","Flawed Topaz","A precious stone allowing to store spells."
"pc_drop_topaz3","Topaz","A precious stone allowing to store spells."
"pc_drop_topaz4","Polished Topaz","A precious stone allowing to store spells."
"pc_drop_topaz5","Flawless Topaz","A precious stone allowing to store spells."
"pc_drop_topaz6","Legendary Sapphire","A precious stone allowing to store spells."
"pc_drop_topaz7","Divine Sapphire","A precious stone allowing to store spells."
"pc_drop_bar_zink","Zinc Bar","A zinc bar."
"pc_drop_bar_brass","Brass Bar","A bar made from an alloy of copper and Zinc"
"pc_drop_bar_copper","Copper Bar","A copper bar."
"pc_drop_bar_bronze","Bronze Bar","A bronze bar."
"pc_drop_bar_gold","Gold Bar","A gold bar."
"pc_drop_bar_iron","Iron Bar","An iron bar."
"pc_drop_bar_silver","Silver Bar","A silver bar."
"pc_drop_bar_tin","Tin Bar","A tin bar."
"pc_drop_bar_steel","Steel Bar","A steel bar."
"pc_drop_flesh","Flesh","Some flesh."
"pc_drop_snake_scale","Snake Scale","A scale removed from a snake."
"pc_drop_worm_fang","Worm Fang","A fang retrieved from a worm."
"pc_drop_tusk","Tusk","A tusk retrieved from a boar."
"pc_drop_resistant_leaves","Resistant Leaves","Some surprisingly tough leaves."
"pc_drop_strange_vegetal_matter","Strange Vegetal Matter","A very strange vegetal material."
"pc_drop_rare_leaf","Rare Leaf","A somewhat strange leaf that you rarely see."
"pc_drop_blue_orb","Blue Orb","A mysterious blue orb."
"pc_drop_dragon_scale","Dragon Scale","A scale retrieved in an extremely hostile environment."
"pc_drop_ice","Ice","A chunk of ice."
"pc_drop_wood","Wood Chunk","A chunk of wood removed from a tree."
"pc_drop_hellwood","Hellwood Chunk","A chunk removed from a tree that grows in hell."
"pc_drop_bottle","Bottle","This glass bottle can contain the result of alchemical experiments."
"pc_drop_flask","Flask","This glass flask can contain the result of alchemical experiments."
"pc_drop_wisp_dust","Wisp Dust","This dust turns out to be the remains of a wisp."
"pc_drop_skull","Skull","A skeleton's skull."
"pc_zombie_part","Zombie Part","A piece of zombie retrieved from a specimen that won't raise again this time."
"pc_drop_rock","A Rock","A chunk of rock."
"pc_drop_bone","A Bone","A bone."
"pc_drop_bamboo","A Bamboo","A bamboo."
"pc_drop_bat_wings","Bat Wing","A wing retrieved from a bat."
"pc_drop_zombie_skin","Zombie Skin","Some zombie flesh, or at least what remains of it..."
"pc_drop_book","Book","An ordinary book."
"pc_drop_leather","Leather","Some leather retrieved from a beast."
"pc_drop_straw","Straw","Some straw."
"pc_drop_string","String","A string that could have multiple functions."
"pc_drop_wood_cherry","Cherry Wood","Some cherry tree wood."
"pc_drop_wood_forest","Forest Wood","Some wood retrieved from the forest."
"pc_drop_mystic_wood","Mystic Wood","Some wood that emits a magic aura."
"pc_drop_sacred_feather","Sacred Feather","A rare feather with immaculate whiteness."
"pc_drop_chloridian_essence","Chloridian Essence","The spiritual essences of a passed away Chloridian."
"pc_drop_paper","Paper","A simple paper sheet."
"pc_drop_parchment","Parchment","A basic parchment."
"pc_drop_magic_scroll","Magic Scroll","A scroll emitting a magic power."
"pc_drop_coal","Coal","Some coal gathered by mining."
"pc_drop_zinc","Zinc Ore","Some zinc ore gathered by mining."
"pc_drop_copper","Copper Ore","Some copper ore gathered by mining."
"pc_drop_gold","Gold Ore","Some gold ore gathered by mining."
"pc_drop_iron","Iron Ore","Some iron ore gathered by mining."
"pc_drop_silver","Silver Ore","Some silver ore gathered by mining."
"pc_drop_tin","Tin Ore","Some tin ore gathered by mining."
"pc_drop_small_wisp","Small Wisp","Release it to get a light source."
"pc_drop_small_crystal","Small Crystal","Allows you to teleport to the village."
"pc_seeds_beet","Beet Seeds","Seeds allowing you to grow beets."
"pc_seeds_cabbage","Cabbage Seeds","Seeds allowing you to grow cabbage."
"pc_seeds_carrot","Carrot Seeds","Seeds allowing you to grow carrots."
"pc_seeds_cauliflower","Cauliflower Seeds","Seeds allowing you to grow cauliflower."
"pc_seeds_chili","Chili Seeds","Seeds allowing you to grow chili."
"pc_seeds_corn","Corn Seeds","Seeds allowing you to grow corn."
"pc_seeds_eggplant","Eggplant Seeds","Seeds allowing you to grow eggplants."
"pc_seeds_leek","Leek Seeds","Seeds allowing you to grow leek."
"pc_seeds_onion","Onion Seeds","Seeds allowing you to grow onions."
"pc_seeds_parsley","Parsley Seeds","Seeds allowing you to grow parsley."
"pc_seeds_radish","Radish Seeds","Seeds allowing you to grow radish."
"pc_seeds_rice","Rice Seeds","Seeds allowing you to grow rice."
"pc_seeds_strawberry","Strawberry Seeds","Seeds allowing you to grow strawberries."
"pc_seeds_tomato","Tomato Seeds","Seeds allowing you to grow tomatoes."
"pc_seeds_watermellon","Watermelon Seeds","Seeds allowing you to grow watermelons."
"pc_seeds_wheat","Wheat Seeds","Seeds allowing you to grow wheat."
"pc_seeds_yellow_pepper","Yellow Pepper Seeds","Seeds allowing you to grow yellow peppers."
"pc_seeds_potato","Potato Seeds","Seeds allowing you to grow potatoes."
"pc_seeds_green_beans","Green Beans Seeds","Seeds allowing you to grow green beans."
"pc_seeds_pumpkin","Pumpkin Seeds","Seeds allowing you to grow pumpkins."
"pc_seeds_tree","Tree Seeds","An acorn allowing you to grow a tree."
"pc_food_corn","Corn","The reward for hard work on the fields."
"pc_food_wheat","Wheat","Some golden wheat you can turn into an infinity of flavours."
"pc_food_flour","Flour","Made from wheat, this flour will be very useful for numerous recipes."
"pc_food_bowl_of_cantonese_rice","Bowl of Cantonese Rice","Traditional chinese recipe, the cantonese rice will delight your palate."
"pc_food_bowl_of_rice","Bowl of Rice","A bowl of rice, a simple but nourishing meal."
"pc_food_bowl_of_rice_with_curry","Bowl of Curry Rice","A bowl of curry rice."
"pc_food_burritos","Burritos","A delicious burrito."
"pc_food_grilled_chicken","Grilled Chicken","A delicious chicken grilled with wood fire."
"pc_food_grilled_fish","Grilled Fish","A delicious fish grilled with wood fire."
"pc_food_grilled_meat","Grilled Meat","Some delicious meat grilled with wood fire."
"pc_food_hamburger","Hamburger","A delicious hamburger."
"pc_food_maki","Maki","Delicious maki, ready to be eaten."
"pc_food_onigiri","Onigiri","These rice balls are a welcome snack in case of little hunger."
"pc_food_pizza","Pizza","Ideal during a party with friends."
"pc_food_sauerkraut","Sauerkraut","A specialty made from cabbage and meat, you won't ever leave a bit hungry for more."
"pc_food_spaghetti","Spaghetti","That meal is very simple to cook, but really nourishing."
"pc_food_surimis","Surimis","These little fish sticks are very useful if you have the munchies."
"pc_food_sushi","Sushi","Fish, rice, and voila!"
"pc_food_vegetable_soup","Vegetable Soup","There's nothing like a good soup to heat up."
"pc_food_apple","Apple","A sweet and juicy apple."
"pc_food_banana","Banana","One of sportsmen's favourite food."
"pc_food_cherry","Cherry","Some delicious cherries!"
"pc_food_coconut","Coconut","A delicious and refreshing coconut."
"pc_food_grapes","Grape","A grape of delicious raisins."
"pc_food_heart_cherry","Heart Cherry","A cherry shaped like a heart."
"pc_food_kiwi","Kiwi","A delicious kiwi."
"pc_food_lemon","Lemon","A delicious lemon."
"pc_food_mango","Mango","A delicious mango."
"pc_food_orange","Orange","A delicious orange."
"pc_food_pear","Pear","A delicious pear."
"pc_food_pineapple","Pineapple","A deleacious pineapple."
"pc_food_strawberry","Strawberry","A juicy and sweet strawberry."
"pc_food_watermelon","Watermelon","A delicious watermelon."
"pc_food_Yj","Yj","A very singular fruit the locals call 'Yj'."
"pc_food_brain","Brain","Zombies' favourite meal!"
"pc_food_chicken","Chicken","You'll have to run to catch them!"
"pc_food_fish","Fish","A fish caught in the deepest place under the sea."
"pc_food_giblets","Giblets","Some giblets retrieved from wild animals."
"pc_food_heart","Heart","The sensation of feeling it beat in your hand assails you."
"pc_food_meat","Meat","A big fat steak!"
"pc_food_dried_meat","Dried Meat","Dried meat is the best food for travellers."
"pc_food_merguez","Merguez","Ideal for a barbecue."
"pc_food_sausage","Sausage","Ideal for a barbecue."
"pc_food_ham","Ham","A delicious ham."
"pc_food_brussels_sprouts","Brussels Sprouts","Some Brussels sprouts, to be eaten only in case of famine!"
"pc_food_parsley","Parsley","Some Parsley."
"pc_food_rice","Rice","Some Rice."
"pc_food_alga","Alga","Some algae, useful for a few recipes."
"pc_food_honey","Honey","Some honey gathered from beehives."
"pc_food_honeypot","Honey Jar","A jar filled with delicious honey."
"pc_food_slime_part","Slime Part","A slime part. Looks edible..."
"pc_food_bread","Bread","The irresistible smell of warm bread."
"pc_food_bread_with_jam","Bread with Jam","A slice of bread with some delicious jam!"
"pc_food_chocolate","Chocolate","This chocolate slab will fulfill all your wishes of gluttony."
"pc_food_maple_syrup","Maple Syrup","A syrup made from maple sap."
"pc_food_dango","Dango","Japanese specialty, these little balls are delicious snacks!"
"pc_food_egg","Egg","An egg."
"pc_food_multifruit_juice","Multifruit Juice","A juice composed of a multitude of different fruits. Lots of vitamins!"
"pc_food_cheese","Cheese","Some delicious cheese!"
"pc_food_jam","Jam","We've got the jam, we just need the bread."
"pc_food_berjnat","Berjnat","Looks like eggplant, but it isn't eggplant."
"pc_food_corlibo","Corlibo","Oh, a broccoli! Well, almost..."
"pc_food_tortillas","Tortillas","Tortilla made from corn."
"pc_food_cup_of_coffee","Cup of Coffee","There's nothing like a good cup of coffee to stay awake."
"pc_food_devl","Devl","A very strange fruit."
"pc_food_eye","Eye","An eye filled with proteins!"
"pc_food_farnel","Farnel","Some sort of alien strawberry with a strange color, but tasty."
"pc_food_ketchup","Ketchup","An extrÃªmely popular sauce on earth, made from tomatoes."
"pc_food_kraknat","Kraknat","This fruit looks like a nut. It is called 'Kraknat' by the locals."
"pc_food_oblirak","Oblirak","The autochtons themselves didn't know how to describe this. Even its taste is indescribable."
"pc_food_truffle_fusion","Molten truffle","A strange truffle, found in a volcanic environment."
"pc_food_turvet","Turvet","Looks like a turnip..."
"pc_food_milk","Milk","Delicious milk!"
"pc_food_cream","Cream","A jar of cream, for tasty recipes."
"pc_food_sugar_cane","Sugar Cane","Back on Earth, people eat those during New Year celebrations. Watch your teeth!"
"pc_food_sugar","Sugar","A bag of sugar, for all your desserts!"
"pc_food_butter","Butter","Some butter, necessary for an infinity of recipes!"
"pc_food_salt","Salt","Some salt."
"pc_food_pepper","Pepper","Some pepper."
"pc_food_curry","Curry","Lift your meals' flavour with this curry!"
"pc_food_water","Water","Some drinking water."
"pc_food_candy","Candy","Dont abuse it too much, there are no dentists on this planet!"
"pc_food_caramel","Caramel","Be careful, it sticks to your teeth!"
"pc_food_brioche","Brioche","A delicious brioche."
"pc_food_chocolate_donut","Chocolate Donut","Police forces' favourite food!"
"pc_food_strawberry_donut","Strawberry Donut","Police forces' favourite food!"
"pc_food_chocolate_ice_cream","Chocolate Ice Cream","A delicious chocolate ice cream."
"pc_food_cookie","Cookie","An irresistible cookie!"
"pc_food_croissant","Croissant","There's nothing like a delicious croissant to go with the hot chocolate during breakfast."
"pc_food_cupcake","Cupcake","A little colored cake, deliciously sweet."
"pc_food_eclair_au_chocolat","Eclair au Chocolat","A delicious chocolate eclair!"
"pc_food_flan","Flan","Flan."
"pc_food_gingerbread","Gingerbread","A gingerbread man!"
"pc_food_macaroon","Macaroon","A delicious macaron."
"pc_food_pancake","Pancake","With maple syrup, it's a delight!"
"pc_food_pancake_deluxe","Deluxe Pancake","With maple syrup, it's a delight!"
"pc_food_parfait","Parfait","To end a meal perfectly."
"pc_food_pudding","Pudding","Some pudding."
"pc_food_slime_ice_cream","Slime Ice Cream","A... slime ice cream?"
"pc_food_slime_jelly","Slime Jelly","A gelatinous flan made of slime parts."
"pc_food_strawberry_cake","Strawberry Cake","A delicious slice of strawberry cake."
"pc_food_clam","Clam","A big clam."
"pc_food_crab","Crab","A crab, watch out for its pincers!"
"pc_food_shrimp","Shrimp","A freshly-caught shrimp."
"pc_food_almond","Almond","A delicious almond."
"pc_food_cocoa","Cocoa","A cocoa-pod containing cocoa seeds."
"pc_food_hazel","Hazelnut","A delicious hazelnut."
"pc_food_red_bean","Red Bean","Delicious red beans."
"pc_food_walnut","Walnut","A delicious walnut."
"pc_food_coffee_seed","Coffee Seed","Essential to prepare a good coffee."
"pc_food_artichoke","Artichoke","A delicious artichoke."
"pc_food_avocado","Avocado","A delicious avocado."
"pc_food_beet","Beet","In a salad, it's delicious."
"pc_food_carrot","Carrot","Rabbits' favourite food."
"pc_food_cauliflower","Cauliflower","Some cauliflower."
"pc_food_chili_pepper","Chili Pepper","Spice up your recipes with this pepper mix!"
"pc_food_eggplant","Eggplant","A celicious eggplant."
"pc_food_green_bean","Green Beans","Green beans."
"pc_food_leek","Leek","A leek."
"pc_food_cabbage","Cabbage","Cabbage."
"pc_food_lettuce","Lettuce","For a balanced meal, eat a bit of lettuce!"
"pc_food_onion","Onion","An onion. Precious condiment for your recipes."
"pc_food_pea","Pea","Some delicious peas."
"pc_food_potato","Potato","A potato."
"pc_food_pumpkin","Pumpkin","On earth, we hollow out and work pumpkins once a year, during a celebration."
"pc_food_radish","Radish","A delicious radish."
"pc_food_tomato","Tomato","A juicy tomato."
"pc_food_yellow_pepper","Yellow Pepper","Spice up your recipes with this yellow pepper!"
"pc_food_zucchini","Zucchini","A delicious zuccini."
"pc_caveplant_glow_flower","Cave Glowing Flower","A glowing flower that blossoms in caverns."
"pc_arctic_flower","Arctic Flower","Its toughness allows it to survive even in the most artic cold."
"pc_cutting_flower","Cutting Flower","A flower with sharp petals. Be careful!"
"pc_ice_flower","Ice Flower","A flower that grows only where the cold reigns."
"pc_ice_lotus_flower","Ice Lotus","A magnificent lotus that grows only in glacial environments."
"pc_winter_flower","Winter Flower","It only grows in winter."
"pc_bloody_cupola_flower","Bloody Cupola","A flower with blood-red petals that some creatures of the night wouldn't have denied."
"pc_blue_flower","Blue Flower","A pretty blue flower."
"pc_brain_flower","Brain Flower","The overall pattern of this flower looks like a brain."
"pc_butterfly_flower","Butterfly Flower","This flower looks like a beautiful butterfly."
"pc_buttons_flower","Buttons Flower","By smelling the delicate perfume of this flower, you suddenly feel healthier."
"pc_caly_flower","Caly Flower","A little flower used as a catalyst."
"pc_green_flower","Green Flower","A pretty green flower."
"pc_gum_flower","Gum Flower","A flower that looks like chewing gum."
"pc_heart_flower","Heart Flower","A flower whose petals form a heart."
"pc_lily_of_the_valley_flower","Lily of the Valley","The symbol of spring."
"pc_orange_flower","Orange Flower","A pretty orange flower."
"pc_orange_tulip_flower","Orange Tulip","An orange-colored tulip."
"pc_phenix_flower","Phoenix Flower","Its shape evokes a famous mythical creature."
"pc_purple_flower","Purple Flower","A pretty purple flower."
"pc_rainbow_flower","Rainbow Flower","A flower whose petals form a splendid rainbow."
"pc_red_flower","Red Flower","A pretty red flower."
"pc_shuriken_flower","Shuriken Flower","Its shape evokes a very common weapon amongst the shadow warriors."
"pc_smiley_flower","Smiley Flower","A flower whose petals form a smiley."
"pc_sun_lotus_flower","Sun Lotus","A magnificent lotus."
"pc_tri_flower","Tri Flower","Its shape evokes a well-known legend on earth."
"pc_violet_flower","Violet Flower","A pretty violet flower."
"pc_yellow_flower","Yellow Flower","A pretty yellow flower."
"pc_yellow_tulip_flower","Yellow Tulip","A yellow-colored tulip."
"pc_mush_big_blue","Big blue mushroom","A big blue-colored mushroom."
"pc_mush_little_blue","Little blue mushroom","A small blue-colored mushroom."
"pc_mush_big_blueglowing","Big blue glowing mushroom","A big blue-colored glowing mushroom."
"pc_mush_little_blueglowing","Little blue glowing mushroom","A small blue-colored glowing mushroom."
"pc_mush_big_green","Big green mushroom","A big green-colored mushroom."
"pc_mush_little_green","Little green mushroom","A small green-colored mushroom."
"pc_mush_big_greenglowing","Big green glowing mushroom","A big green-colored glowing mushroom."
"pc_mush_little_greenglowing","Little green glowing mushroom","A small green-colored glowing mushroom."
"pc_mush_big_red","Big red mushroom","A big red-colored mushroom."
"pc_mush_little_red","Little red mushroom","A small red-colored mushroom."
"pc_mush_big_orange","Big orange mushroom","A big orange-colored mushroom."
"pc_mush_little_orange","Little orange mushroom","A small orange-colored mushroom."
"pc_mush_orange","Orange mushroom","An orange-colored mushroom."
"pc_mush_boletus","Boletus","A boletus."
"pc_mush_orange_boletus","Orange Boletus","An orange boletus."
"pc_mush_morel","Morel mushroom","A morel mushroom."
"pc_mush_ice","Ice mushroom","An ice mushroom."
"pc_mush_gold","Golden mushroom","A golden mushroom."
"pc_mush_jelly","Jelly mushroom","A mushroom with a gelatinous texture."
"pc_mush_lava","Lava mushroom","A mushroom that grows near lava."
"pc_mush_chanterelle","Chanterelle","A chanterelle."
"pc_mush_blue_chanterelle","Blue Chanterelle","A blue chanterelle."
"pc_mush_copper","Copper mushroom","A copper-colored mushroom."
"pc_mush_long","Long mushroom","A stretched out mushroom."
"pc_mush_trumpet_of_death","Trumpet of death","A trumpet of death."
"pc_chest_wood","Wooden Chest","A simple-made wooden chest."
"pc_chest_iron","Iron Chest","A tough iron chest."
"pc_chest_silver","Silver Chest","A magnificent silver chest!"
"pc_chest_gold","Gold Chest","Only the greatest treasures can rest inside this solid gold chest."
"pc_chest_mimic","Mimic Chest","I think i've seen this chest move..."

"pc_drop_bar_zinc","Zink bar","A bar of zink"
"pc_drop_butterfly_gem","Butterfly Gem","Butterfly Gem"
"pc_drop_creep_blood","Creep blood flask","Creep blood flask"
"pc_drop_easter_egg","Strange Egg","Charisma +15"
"pc_drop_lava_heart","Lava Heart","Lava Heart"
"pc_drop_life_gem1","Life Gem","Life gem level 1"
"pc_drop_life_gem2","Life Gem","Life gem level 2"
"pc_drop_life_gem3","Life Gem","Life gem level 3"
"pc_drop_ring_bronze","Bronze ring","Bronze ring"
"pc_drop_ring_copper","Copper ring","Copper ring"
"pc_drop_ring_gold","Gold ring","Gold ring"
"pc_drop_ring_iron","Iron ring","Iron ring"
"pc_drop_ring_silver","Silver ring","Silver ring"
"pc_drop_ring_steel","Steel ring","Steel ring"
"pc_drop_ring_tin","Tin ring","Tin ring"
"pc_drop_royalstone","Royal stone","A royal stone"
"pc_drop_scorpion_tail","Scorpion Tail","Scorpion Tail"
"pc_drop_soul_necklace","Soul necklace","Soul necklace"
"pc_drop_icarus_necklace","Icarus necklace","Icarus necklace"
"pc_drop_stamina_gem1","Stamina Gem","Stamina gem level 1"
"pc_drop_stamina_gem2","Stamina Gem","Stamina gem level 2"
"pc_drop_stamina_gem3","Stamina Gem","Stamina gem level 3"
"pc_drop_sulfur","Sulfur","Sulfur"
"pc_drop_wood_mystic","Mystic wood","A mystic wood"

"pc_food_amond","Almond","An almond"
"pc_food_haricot_vert","Haricot vert","Haricot vert"
"pc_food_slime_icecream","Slime Icecream","Slime Icecream"
"pc_food_zombie_meat","Zombie Meat","Zombie Meat"

"pc_sword_phenix","Phoenix Sword","Contains the soul of a phoenix"

"pc_drop_fire_orb","Fire Orb","Fire orb"
"pc_chest_fire","Fire Chest","Fire chest"

"pc_companion_orb_necro","Necromancer Orb","An equipable companion orb\nthat can shoot enemies"
"pc_grenade_banana_bomb","Banana Bomb","Warning - Very explosive"
"pc_grenade_base","Basic grenade","Basic grenade"
"pc_grenade_base_small","Basic small grenade","Basic small grenade"

"pc_slime_ball","Slime Ball","Slime Ball"
"pc_wisp_ball","Wisp Ball","Wisp Ball"
"pc_zombi_ball","Zombi Ball","Zombi Ball"
"pc_bouncing_ball","Bouncing Ball","Bouncing Ball"
"pc_antigravity_ball","Antigravity Ball","Antigravity Ball"
"pc_lightweight_ball","Lightweight Ball","Lightweight Ball"
"pc_gold_ball","Gold Ball","Gold Ball"
"pc_cannonball","Cannonball","Cannonball"

"pc_catch_gem","Soul Gem","Trap the souls of monsters."
"pc_catch_gem2","Soul Gem lv2","Trap the souls of monsters."
"pc_catch_gem3","Soul Gem lv3","Trap the souls of monsters."
"pc_catch_gem4","Soul Gem lv4","Trap the souls of monsters."
"pc_catch_gem5","Soul Gem lv5","Trap the souls of monsters."
"pc_catch_gem6","Soul Gem lv6","Trap the souls of monsters."
"pc_catch_gem7","Soul Gem lv7","Trap the souls of monsters."
"pc_catch_gem8","Soul Gem lv8","Trap the souls of monsters."
"pc_catch_gem9","Soul Gem lv9","Trap the souls of monsters."

"pc_armor_devourer_mask","Mask","Monster mask"
"pc_armor_ghost_mask","Mask","Monster mask"


"pc_drop_cactus_part","Cactus part","A cactus part."
"pc_brick_cactus1","Cactus Block","A cactus block."
"pc_cactus_door","Cactus Door","A cactus door."
"pc_cactus_table","Cactus table","A cactus table."
"pc_cactus_chair1","Simple cactus chair","Simple cactus chair."
"pc_cactus_armchair1","Elaborate cactus chair","A more elaborate cactus chair."
"pc_cactus_armchair2","Simple cactus armchair","A simple cactus armchair."
"pc_cactus_armchair3","Puffy cactus armchair","A puffy cactus armchair."
"pc_cactus_wardrobe1","Cactus wardrobe","A cactus wardrobe."
"pc_cactus_wardrobe2","Big cactus wardrobe","A big cactus wardrobe."
"pc_cactus_lamp1","Cactus lamp","A cactus lamp with a flower."
"pc_cactus_chandelier1","Cactus chandelier","A cactus chandelier with a flower."
"pc_cactus_bed1","Cactus bed","A cactus bed."
"pc_cactus_sofa1","Cactus sofa","A cactus sofa."
"pc_cactus_craft_table","Cactus craft table","A cactus craft table."

"pc_block_hellrock1","Hellrock","A hellrock block."

"pc_brick_castle1","Castle brick","A casle brick."

"pc_brick_castle2","Castle brick","A casle brick."
"pc_brick_castle3","Castle brick","A casle brick."
"pc_brick_castle4","Castle brick","A casle brick."

"pc_brick_clay1","Clay brick","A clay brick."
"pc_brick_clay2","Clay brick","A clay brick."
"pc_brick_clay3","Clay brick","A clay brick."
"pc_brick_clay4","Clay brick","A clay brick."

"pc_brick_ice","Ice brick","An ice brick."
"pc_block_ice","Ice block","An ice block."
"pc_block_ice2","Ice block","An ice block."
"pc_block_ice3","Ice block","An ice block."

"pc_brick_prison1","Prison brick","A prison brick."
"pc_brick_prison2","Prison brick","A prison brick."

"pc_brick_sand1","Sand brick","A sand brick."
"pc_brick_sand2","Sand brick","A sand brick."
"pc_brick_sand3","Sand brick","A sand brick."
"pc_brick_sand4","Sand brick","A sand brick."

"pc_block_slime","Slime block","A slime block."
"pc_block_slime2","Slime block","A slime block."
"pc_block_slime3","Slime block","A slime block."
"pc_block_slime4","Slime block","A slime block."


"pc_block_board_1","Wood board","Wood board"
"pc_block_board_2","Wood board","Wood board"
"pc_block_board_3","Wood board","Wood board"
"pc_block_wood_pillar","Wood pillar","A pillar made of wood"
"pc_block_roof","Roof tile","A roof tile"
"pc_block_straw_roof","Straw roof tile","A window block which lets light pass through"

"pc_block_dirt","Dirt","A dirt block."
"pc_block_sand","Sand","A sand block."
"pc_block_snow","Snow","A snow block."
"pc_block_ash","Ash","An ash block."
"pc_block_flesh1","Flesh block","A flesh block."
"pc_block_flesh2","Flesh block","A flesh block."
"pc_block_flesh3","Flesh block","A flesh block."
"pc_block_flesh4","Flesh block","A flesh block."
"pc_block_flesh5","Flesh block","A flesh block."
"pc_block_flesh6","Flesh block","A flesh block."
"pc_block_flesh7","Flesh block","A flesh block."
"pc_block_flesh8","Flesh block","A flesh block."

"pc_block_cross_grid_1","Wood Grid","Wood Grid"
"pc_block_cross_grid_metal","Metal Grid","A metallic grid"
"pc_block_wood_fence1","Wood Fence","Wood Fence"
"pc_block_wood_fence2","Wood Fence","Wood Fence"
"pc_block_rock1","Rock","A rock block."
"pc_block_glass","Glass Block","A glass block which lets light pass through"
"pc_block_window","Window Block","A window block which lets light pass through"

"pc_block_aztec_1","Aztec rocks","Aztec rocks"
"pc_block_aztec_2","Aztec beam","Aztec beam"
"pc_block_aztec_3","Aztec pillar top","Aztec pillar top"
"pc_block_aztec_4","Aztec pillar","Aztec pillar"
"pc_block_aztec_5","Aztec pillar base","Aztec pillar base"
"pc_block_aztec_6","Aztec ornate block","Aztec ornate block"
"pc_block_aztec_7","Aztec stone block","Aztec stone block"
"pc_block_aztec_8","Aztec stone bricks","Aztec stone bricks"

"pc_block_crimson_1","Crimson tiles","Crimson tiles"
"pc_block_crimson_2","Crimson roof tiles","Crimson roof tiles"
"pc_block_crimson_3","Crimson jewel block","Crimson jewel block"
"pc_block_crimson_4","Crimson veined block","Crimson veined block"
"pc_block_crimson_5","Crimson tiles","Crimson tiles"
"pc_block_crimson_6","Crimson rusted panel","Crimson rusted panel"
"pc_block_crimson_7","Crimson rusted tile","Crimson rusted tile"
"pc_block_crimson_8","Crimson wall block","Crimson wall block"
"pc_block_crimson_9","Crimson pillar","Crimson pillar"
"pc_block_crimson_10","Crimson spikes","Crimson spikes"

"pc_block_futuresteel_3","Future steel solar tile","Future steel solar tile"
"pc_block_futuresteel_5","Future steel platform","Future steel platform"
"pc_block_futuresteel_7","Future steel coil","Future steel coil"
"pc_block_futuresteel_8","Future steel energy block","Future steel energy block"
"pc_block_futuresteel_9","Future steel glass panel","Future steel glass panel"
"pc_block_futuresteel_10","Future steel CPU","Future steel CPU"
"pc_block_futuresteel_11","Future steel energy panel","Future steel energy panel"
"pc_block_futuresteel_12","Future steel data pillar","Future steel data pillar"
"pc_block_futuresteel_13","Future steel slab","Future steel slab"
"pc_block_futuresteel_14","Future steel circuitry","Future steel circuitry"
"pc_block_futuresteel_15","Future steel neon block","Future steel neon block"
"pc_block_futuresteel_16","Future steel energy slab","Future steel energy slab"
"pc_block_futuresteel_17","Future steel energy pillar","Future steel energy pillar"
"pc_block_futuresteel_18","Future steel panel","Future steel panel"
"pc_block_futuresteel_19","Future steel tile","Future steel tile"
"pc_block_futuresteel_20","Future steel pipes","Future steel pipes"
"pc_block_futuresteel_21","Future steel roof tile","Future steel roof tile"
"pc_block_futuresteel_22","Future steel roof armor","Future steel roof armor"
"pc_block_futuresteel_23","Future steel grid","Future steel grid"
"pc_block_futuresteel_24","Future steel data slab","Future steel data slab"

"pc_block_military_1","Military block","Military block"
"pc_block_military_2","Military area block","Military area block"
"pc_block_military_3","Military bricks","Military bricks"
"pc_block_military_4","Military tile","Military tile"
"pc_block_military_5","Military foilage","Military foilage"
"pc_block_military_6","Military roof tile","Military roof tile"
"pc_block_military_7","Military wire fence","Military wire fence"
"pc_block_military_8","Military beam","Military beam"
"pc_block_military_9","Military engraved tile","Military engraved tile"
"pc_block_military_10","Military cement block","Military cement block"
"pc_block_military_11","Military cement tile","Military cement tile"
"pc_block_military_12","Military reinforced block","Military reinforced block"

"pc_block_modern_1","Modern green tiles","Modern green tiles"
"pc_block_modern_2","Modern red panel","Modern red panel"
"pc_block_modern_3","Modern concrete block","Modern concrete block"
"pc_block_modern_4","Modern glass panel","Modern glass panel"
"pc_block_modern_5","Modern roof tile","Modern roof tile"
"pc_block_modern_6","Modern clay bricks","Modern clay bricks"
"pc_block_modern_7","Modern slab","Modern slab"
"pc_block_modern_8","Modern cement bricks","Modern cement bricks"
"pc_block_modern_9","Modern cement block","Modern cement block"
"pc_block_modern_10","Modern wooden tiles","Modern wooden tiles"

"pc_block_obsidian_1","Obsidian pillar","Obsidian pillar"
"pc_block_obsidian_2","Obsidian golden slab","Obsidian golden slab"
"pc_block_obsidian_3","Obsidian scales","Obsidian scales"
"pc_block_obsidian_4","Obsidian prismatic block","Obsidian prismatic block"
"pc_block_obsidian_5","Obsidian bricks","Obsidian bricks"
"pc_block_obsidian_6","Obsidian tiles","Obsidian tiles"
"pc_block_obsidian_7","Obsidian wave block","Obsidian wave block"
"pc_block_obsidian_8","Obsidian ornate block","Obsidian ornate block"
"pc_block_obsidian_9","Obsidian amber block","Obsidian amber block"
"pc_block_obsidian_10","Obsidian golden beam","Obsidian golden beam"
"pc_block_obsidian_11","Obsidian column","Obsidian column"

"pc_block_pirate_1","Pirate wall","Pirate wall"
"pc_block_pirate_2","Pirate slab","Pirate slab"
"pc_block_pirate_3","Pirate mast","Pirate mast"
"pc_block_pirate_4","Pirate porthole","Pirate porthole"
"pc_block_pirate_5","Pirate wooden tile","Pirate wooden tile"
"pc_block_pirate_6","Pirate beam","Pirate beam"
"pc_block_pirate_7","Pirate mast base","Pirate mast base"

"pc_block_roman_1","Roman wooden panel","Roman wooden panel"
"pc_block_roman_2","Roman clay tiles","Roman clay tiles"
"pc_block_roman_3","Roman ornate marble","Roman ornate marble"
"pc_block_roman_4","Roman granite","Roman granite"
"pc_block_roman_5","Roman tiles","Roman tiles"
"pc_block_roman_6","Roman golden brick","Roman golden brick"
"pc_block_roman_7","Roman clay brick","Roman clay brick"
"pc_block_roman_8","Roman brick","Roman brick"
"pc_block_roman_9","Roman ornate brick","Roman ornate brick"
"pc_block_roman_10","Roman golden pillar top","Roman golden pillar top"
"pc_block_roman_11","Roman pillar top","Roman pillar top"
"pc_block_roman_12","Roman ornate pillar top","Roman ornate pillar top"
"pc_block_roman_13","Roman pillar","Roman pillar"
"pc_block_roman_14","Roman golden pillar base","Roman golden pillar base"
"pc_block_roman_15","Roman pillar base","Roman pillar base"
"pc_block_stone_pillar","A pillar made of stone","A pillar made of stone"

"pc_block_royal_1","Royal ivory bricks","Royal ivory bricks"
"pc_block_royal_2","Royal roof tiles","Royal roof tiles"
"pc_block_royal_3","Royal tapestry","Royal tapestry"
"pc_block_royal_4","Royal silk curtain","Royal silk curtain"
"pc_block_royal_5","Royal marble tile","Royal marble tile"
"pc_block_royal_6","Royal stone tile","Royal stone tile"
"pc_block_royal_7","Royal stone slab","Royal stone slab"
"pc_block_royal_8","Royal golden bricks","Royal golden bricks"
"pc_block_royal_9","Royal stone block","Royal stone block"
"pc_block_royal_10","Royal stone bricks","Royal stone bricks"

"pc_block_spacecowboy_1","Space saloon vent","Space saloon vent"
"pc_block_spacecowboy_2","Space saloon pipe","Space saloon pipe"
"pc_block_spacecowboy_3","Space saloon grid","Space saloon grid"
"pc_block_spacecowboy_4","Space saloon glass block","Space saloon glass block"
"pc_block_spacecowboy_5","Space saloon tiles","Space saloon tiles"
"pc_block_spacecowboy_6","Space saloon block","Space saloon block"
"pc_block_spacecowboy_7","Space saloon slab","Space saloon slab"
"pc_block_spacecowboy_8","Space saloon tiling","Space saloon tiling"
"pc_block_spacecowboy_9","Space saloon roof tile","Space saloon roof tile"

"pc_block_steampunk_1","Steampunk block","Steampunk block"
"pc_block_steampunk_2","Steampunk roof tile","Steampunk roof tile"
"pc_block_steampunk_3","Steampunk guardrail","Steampunk guardrail"
"pc_block_steampunk_4","Steampunk padded tile","Steampunk padded tile"
"pc_block_steampunk_5","Steampunk slab","Steampunk slab"
"pc_block_steampunk_6","Steampunk tiles","Steampunk tiles"

"pc_block_stoneage_1","Stoneage rock","Stoneage rock"
"pc_block_stoneage_2","Stoneage foliage","Stoneage foliage"
"pc_block_stoneage_3","Stoneage slab","Stoneage slab"
"pc_block_stoneage_4","Stoneage cobblestone","Stoneage cobblestone"
"pc_block_stoneage_5","Stoneage stone","Stoneage stone"
"pc_block_stoneage_6","Stoneage block","Stoneage block"

"pc_rune_agility1","Rune","Def: Agility\nAtk: Critical Damage Bonus"
"pc_rune_agility2","Rune","Def: Agility\nAtk: Critical Damage Bonus"
"pc_rune_agility3","Rune","Def: Agility\nAtk: Critical Damage Bonus"
"pc_rune_agility4","Rune","Def: Agility\nAtk: Critical Damage Bonus"
"pc_rune_agility5","Rune","Def: Agility\nAtk: Critical Damage Bonus"
"pc_rune_agility6","Rune","Def: Agility\nAtk: Critical Damage Bonus"
"pc_rune_agility7","Rune","Def: Agility\nAtk: Critical Damage Bonus"
"pc_rune_burn1","Rune","Def: Burn Resistance\nAtk: Burn"
"pc_rune_burn2","Rune","Def: Burn Resistance\nAtk: Burn"
"pc_rune_burn3","Rune","Def: Burn Resistance\nAtk: Burn"
"pc_rune_burn4","Rune","Def: Burn Resistance\nAtk: Burn"
"pc_rune_burn5","Rune","Def: Burn Resistance\nAtk: Burn"
"pc_rune_burn6","Rune","Def: Burn Resistance\nAtk: Burn"
"pc_rune_burn7","Rune","Def: Burn Resistance\nAtk: Burn"
"pc_rune_chicken1","Rune","Def: Chicken Armor\nAtk: Chicken Per Hit"
"pc_rune_chicken2","Rune","Def: Chicken Armor\nAtk: Chicken Per Hit"
"pc_rune_chicken3","Rune","Def: Chicken Armor\nAtk: Chicken Per Hit"
"pc_rune_chicken4","Rune","Def: Chicken Armor\nAtk: Chicken Per Hit"
"pc_rune_chicken5","Rune","Def: Chicken Armor\nAtk: Chicken Per Hit"
"pc_rune_chicken6","Rune","Def: Chicken Armor\nAtk: Chicken Per Hit"
"pc_rune_chicken7","Rune","Def: Chicken Armor\nAtk: Chicken Per Hit"
"pc_rune_critical1","Rune","Def: Critical Immunity\nAtk: Critical Bonus"
"pc_rune_critical2","Rune","Def: Critical Immunity\nAtk: Critical Bonus"
"pc_rune_critical3","Rune","Def: Critical Immunity\nAtk: Critical Bonus"
"pc_rune_critical4","Rune","Def: Critical Immunity\nAtk: Critical Bonus"
"pc_rune_critical5","Rune","Def: Critical Immunity\nAtk: Critical Bonus"
"pc_rune_critical6","Rune","Def: Critical Immunity\nAtk: Critical Bonus"
"pc_rune_critical7","Rune","Def: Critical Immunity\nAtk: Critical Bonus"
"pc_rune_cut1","Rune","Def: Cutting Resistance\nAtk: Cutting Damage Bonus"
"pc_rune_cut2","Rune","Def: Cutting Resistance\nAtk: Cutting Damage Bonus"
"pc_rune_cut3","Rune","Def: Cutting Resistance\nAtk: Cutting Damage Bonus"
"pc_rune_cut4","Rune","Def: Cutting Resistance\nAtk: Cutting Damage Bonus"
"pc_rune_cut5","Rune","Def: Cutting Resistance\nAtk: Cutting Damage Bonus"
"pc_rune_cut6","Rune","Def: Cutting Resistance\nAtk: Cutting Damage Bonus"
"pc_rune_cut7","Rune","Def: Cutting Resistance\nAtk: Cutting Damage Bonus"
"pc_rune_elemental1","Rune","Def: Elemental Damage Reduction\nAtk: Elemental Damage Bonus"
"pc_rune_elemental2","Rune","Def: Elemental Damage Reduction\nAtk: Elemental Damage Bonus"
"pc_rune_elemental3","Rune","Def: Elemental Damage Reduction\nAtk: Elemental Damage Bonus"
"pc_rune_elemental4","Rune","Def: Elemental Damage Reduction\nAtk: Elemental Damage Bonus"
"pc_rune_elemental5","Rune","Def: Elemental Damage Reduction\nAtk: Elemental Damage Bonus"
"pc_rune_elemental6","Rune","Def: Elemental Damage Reduction\nAtk: Elemental Damage Bonus"
"pc_rune_elemental7","Rune","Def: Elemental Damage Reduction\nAtk: Elemental Damage Bonus"
"pc_rune_fire1","Rune","Def: Fire Resistance\nAtk: Fire Damage Bonus"
"pc_rune_fire2","Rune","Def: Fire Resistance\nAtk: Fire Damage Bonus"
"pc_rune_fire3","Rune","Def: Fire Resistance\nAtk: Fire Damage Bonus"
"pc_rune_fire4","Rune","Def: Fire Resistance\nAtk: Fire Damage Bonus"
"pc_rune_fire5","Rune","Def: Fire Resistance\nAtk: Fire Damage Bonus"
"pc_rune_fire6","Rune","Def: Fire Resistance\nAtk: Fire Damage Bonus"
"pc_rune_fire7","Rune","Def: Fire Resistance\nAtk: Fire Damage Bonus"
"pc_rune_haste1","Rune","Def: Haste\nAtk: Slow"
"pc_rune_haste2","Rune","Def: Haste\nAtk: Slow"
"pc_rune_haste3","Rune","Def: Haste\nAtk: Slow"
"pc_rune_haste4","Rune","Def: Haste\nAtk: Slow"
"pc_rune_haste5","Rune","Def: Haste\nAtk: Slow"
"pc_rune_haste6","Rune","Def: Haste\nAtk: Slow"
"pc_rune_haste7","Rune","Def: Haste\nAtk: Slow"
"pc_rune_ice1","Rune","Def: Ice Resistance\nAtk: Ice Damage Bonus"
"pc_rune_ice2","Rune","Def: Ice Resistance\nAtk: Ice Damage Bonus"
"pc_rune_ice3","Rune","Def: Ice Resistance\nAtk: Ice Damage Bonus"
"pc_rune_ice4","Rune","Def: Ice Resistance\nAtk: Ice Damage Bonus"
"pc_rune_ice5","Rune","Def: Ice Resistance\nAtk: Ice Damage Bonus"
"pc_rune_ice6","Rune","Def: Ice Resistance\nAtk: Ice Damage Bonus"
"pc_rune_ice7","Rune","Def: Ice Resistance\nAtk: Ice Damage Bonus"
"pc_rune_liferegen1","Rune","Def: Life Regen\nAtk: Stop Regen"
"pc_rune_liferegen2","Rune","Def: Life Regen\nAtk: Stop Regen"
"pc_rune_liferegen3","Rune","Def: Life Regen\nAtk: Stop Regen"
"pc_rune_liferegen4","Rune","Def: Life Regen\nAtk: Stop Regen"
"pc_rune_liferegen5","Rune","Def: Life Regen\nAtk: Stop Regen"
"pc_rune_liferegen6","Rune","Def: Life Regen\nAtk: Stop Regen"
"pc_rune_liferegen7","Rune","Def: Life Regen\nAtk: Stop Regen"
"pc_rune_light1","Rune","Def: Light Resistance\nAtk: LightDamageBonus"
"pc_rune_light2","Rune","Def: Light Resistance\nAtk: LightDamageBonus"
"pc_rune_light3","Rune","Def: Light Resistance\nAtk: LightDamageBonus"
"pc_rune_light4","Rune","Def: Light Resistance\nAtk: LightDamageBonus"
"pc_rune_light5","Rune","Def: Light Resistance\nAtk: LightDamageBonus"
"pc_rune_light6","Rune","Def: Light Resistance\nAtk: LightDamageBonus"
"pc_rune_light7","Rune","Def: Light Resistance\nAtk: LightDamageBonus"
"pc_rune_physical1","Rune","Def: Physical Damage Reduction\nAtk: Physical Damage Bonus"
"pc_rune_physical2","Rune","Def: Physical Damage Reduction\nAtk: Physical Damage Bonus"
"pc_rune_physical3","Rune","Def: Physical Damage Reduction\nAtk: Physical Damage Bonus"
"pc_rune_physical4","Rune","Def: Physical Damage Reduction\nAtk: Physical Damage Bonus"
"pc_rune_physical5","Rune","Def: Physical Damage Reduction\nAtk: Physical Damage Bonus"
"pc_rune_physical6","Rune","Def: Physical Damage Reduction\nAtk: Physical Damage Bonus"
"pc_rune_physical7","Rune","Def: Physical Damage Reduction\nAtk: Physical Damage Bonus"
"pc_rune_poison1","Rune","Def: Poison Resistance\nAtk: Poison"
"pc_rune_poison2","Rune","Def: Poison Resistance\nAtk: Poison"
"pc_rune_poison3","Rune","Def: Poison Resistance\nAtk: Poison"
"pc_rune_poison4","Rune","Def: Poison Resistance\nAtk: Poison"
"pc_rune_poison5","Rune","Def: Poison Resistance\nAtk: Poison"
"pc_rune_poison6","Rune","Def: Poison Resistance\nAtk: Poison"
"pc_rune_poison7","Rune","Def: Poison Resistance\nAtk: Poison"
"pc_rune_rock1","Rune","Def: Rock Resistance\nAtk: Rock Damage Bonus"
"pc_rune_rock2","Rune","Def: Rock Resistance\nAtk: Rock Damage Bonus"
"pc_rune_rock3","Rune","Def: Rock Resistance\nAtk: Rock Damage Bonus"
"pc_rune_rock4","Rune","Def: Rock Resistance\nAtk: Rock Damage Bonus"
"pc_rune_rock5","Rune","Def: Rock Resistance\nAtk: Rock Damage Bonus"
"pc_rune_rock6","Rune","Def: Rock Resistance\nAtk: Rock Damage Bonus"
"pc_rune_rock7","Rune","Def: Rock Resistance\nAtk: Rock Damage Bonus"
"pc_rune_shadow1","Rune","Def: Shadow Resistance\nAtk: Shadow Damage Bonus"
"pc_rune_shadow2","Rune","Def: Shadow Resistance\nAtk: Shadow Damage Bonus"
"pc_rune_shadow3","Rune","Def: Shadow Resistance\nAtk: Shadow Damage Bonus"
"pc_rune_shadow4","Rune","Def: Shadow Resistance\nAtk: Shadow Damage Bonus"
"pc_rune_shadow5","Rune","Def: Shadow Resistance\nAtk: Shadow Damage Bonus"
"pc_rune_shadow6","Rune","Def: Shadow Resistance\nAtk: Shadow Damage Bonus"
"pc_rune_shadow7","Rune","Def: Shadow Resistance\nAtk: Shadow Damage Bonus"
"pc_rune_stab1","Rune","Def: Stabbing Resistance\nAtk: Stabbing Damage Bonus"
"pc_rune_stab2","Rune","Def: Stabbing Resistance\nAtk: Stabbing Damage Bonus"
"pc_rune_stab3","Rune","Def: Stabbing Resistance\nAtk: Stabbing Damage Bonus"
"pc_rune_stab4","Rune","Def: Stabbing Resistance\nAtk: Stabbing Damage Bonus"
"pc_rune_stab5","Rune","Def: Stabbing Resistance\nAtk: Stabbing Damage Bonus"
"pc_rune_stab6","Rune","Def: Stabbing Resistance\nAtk: Stabbing Damage Bonus"
"pc_rune_stab7","Rune","Def: Stabbing Resistance\nAtk: Stabbing Damage Bonus"
"pc_rune_staminaregen1","Rune","Def: Stamina Regeneration\nAtk: Stop Regen Stamina"
"pc_rune_staminaregen2","Rune","Def: Stamina Regeneration\nAtk: Stop Regen Stamina"
"pc_rune_staminaregen3","Rune","Def: Stamina Regeneration\nAtk: Stop Regen Stamina"
"pc_rune_staminaregen4","Rune","Def: Stamina Regeneration\nAtk: Stop Regen Stamina"
"pc_rune_staminaregen5","Rune","Def: Stamina Regeneration\nAtk: Stop Regen Stamina"
"pc_rune_staminaregen6","Rune","Def: Stamina Regeneration\nAtk: Stop Regen Stamina"
"pc_rune_staminaregen7","Rune","Def: Stamina Regeneration\nAtk: Stop Regen Stamina"
"pc_rune_thunder1","Rune","Def: Thunder Resistance\nAtk: ThunderDamageBonus"
"pc_rune_thunder2","Rune","Def: Thunder Resistance\nAtk: ThunderDamageBonus"
"pc_rune_thunder3","Rune","Def: Thunder Resistance\nAtk: ThunderDamageBonus"
"pc_rune_thunder4","Rune","Def: Thunder Resistance\nAtk: ThunderDamageBonus"
"pc_rune_thunder5","Rune","Def: Thunder Resistance\nAtk: ThunderDamageBonus"
"pc_rune_thunder6","Rune","Def: Thunder Resistance\nAtk: ThunderDamageBonus"
"pc_rune_thunder7","Rune","Def: Thunder Resistance\nAtk: ThunderDamageBonus"


"pc_small_haste_potion","Small Haste Potion","Haste lv1"
"pc_small_healing_potion","Small Healing Potion","Restore 20 HP"
"pc_small_life_potion","Small Life Potion","Life bonus lv1"
"pc_small_power_potion","Small Power Potion","Damages Bonus lv1"
"pc_small_recovery_potion","Small Recovery Potion","Stamina regeneration lv1"
"pc_small_regen_potion","Small Regen Potion","Life regeneration lv1"
"pc_small_stamina_potion","Small Stamina Potion","Restore 15 SP"

"pc_catalyst_flask","Catalyst Flask","Powerfull catalyst"
"pc_haste_potion","Haste Potion","Haste lv2"
"pc_healing_potion","Healing Potion","Restore 50 HP"
"pc_life_potion","Life Potion","Life bonus lv2"
"pc_power_potion","Power Potion","Damages Bonus lv2"
"pc_recovery_potion","Recovery Potion","Stamina regeneration lv2"
"pc_regen_potion","Regen Potion","Life regeneration lv2"
"pc_stamina_potion","Stamina Potion","Restore 30 SP"

"pc_large_catalyst_flask","Large Catalyst Flask","Powerfull catalyst"
"pc_large_haste_potion","Large Haste Potion","Haste lv3"
"pc_large_healing_potion","Large Healing Potion","Restore 100 HP"
"pc_large_life_potion","Large Life Potion","Life bonus lv3"
"pc_large_power_potion","Large Power Potion","Damages Bonus lv3"
"pc_large_recovery_potion","Large Recovery Potion","Stamina regeneration lv3"
"pc_large_regen_potion","Large Regen Potion","Life regeneration lv3"
"pc_large_stamina_potion","Large Stamina Potion","Restore 50 SP"

"pc_super_catalyst_flask","Super Catalyst Flask","Powerfull catalyst"
"pc_super_haste_potion","Super Haste Potion","Haste lv4"
"pc_super_healing_potion","Super Healing Potion","Restore 200 HP"
"pc_super_life_potion","Super Life Potion","Life bonus lv4"
"pc_super_power_potion","Super Power Potion","Damages Bonus lv4"
"pc_super_recovery_potion","Super Recovery Potion","Stamina regeneration lv4"
"pc_super_regen_potion","Super Regen Potion","Life regeneration lv4"
"pc_super_stamina_potion","Super Stamina Potion","Restore 100 SP"

"pc_epic_catalyst_flask","Epic Catalyst Flask","Powerfull catalyst"
"pc_epic_haste_potion","Epic Haste Potion","Haste lv5"
"pc_epic_healing_potion","Epic Healing Potion","Restore 500 HP"
"pc_epic_life_potion","Epic Life Potion","Life bonus lv5"
"pc_epic_power_potion","Epic Power Potion","Damages Bonus lv5"
"pc_epic_recovery_potion","Epic Recovery Potion","Stamina regeneration lv5"
"pc_epic_regen_potion","Epic Regen Potion","Life regeneration lv5"
"pc_epic_stamina_potion","Epic Stamina Potion","Restore 200 SP"

"pc_legendary_catalyst_flask","Legendary Catalyst Flask","Powerfull catalyst"
"pc_legendary_haste_potion","Legendary Haste Potion","Haste lv6"
"pc_legendary_healing_potion","Legendary Healing Potion","Restore 1000 HP"
"pc_legendary_life_potion","Legendary Life Potion","Life bonus lv6"
"pc_legendary_power_potion","Legendary Power Potion","Damages Bonus lv6"
"pc_legendary_recovery_potion","Legendary Recovery Potion","Stamina regeneration lv6"
"pc_legendary_regen_potion","Legendary Regen Potion","Life regeneration lv6"
"pc_legendary_stamina_potion","Legendary Stamina Potion","Restore 500 SP"

"pc_divine_catalyst_flask","Divine Catalyst Flask","Powerfull catalyst"
"pc_divine_haste_potion","Divine Haste Potion","Haste lv7"
"pc_divine_healing_potion","Divine Healing Potion","Restore 2000 HP"
"pc_divine_life_potion","Divine Life Potion","Life bonus lv7"
"pc_divine_power_potion","Divine Power Potion","Damages Bonus lv7"
"pc_divine_recovery_potion","Divine Recovery Potion","Stamina regeneration lv7"
"pc_divine_regen_potion","Divine Regen Potion","Life regeneration lv7"
"pc_divine_stamina_potion","Divine Stamina Potion","Restore 1000 SP"

"pc_block_foilage_red","Red foilage","Some beatiful red leaves"
"pc_companion_shiba","Shiba collar","Whow, much pet, such awesome"

"pc_middleages_decoration2","Enchantment Book","Create spells"
"pc_enchantment_book2","Enchantment Book lv2","Create spells"
"pc_enchantment_book3","Enchantment Book lv3","Create spells"

"pc_jewelry_table","Jewelry Table","Jewelry Table"
"pc_artic_flower","Artic flower","Artic flower"
"pc_mush_oronge","Oronge mushroom","Oronge mushroom"
"pc_flesh_platform","Flesh platform","A platform made of flesh"

"pc_crusher_machine","Crusher Machine","Recycle many items.\nConsumes coal."
"pc_polishing_machine","Polishing Machine","Improves the gems.\nConsumes souls."
"pc_transmutation_table","Transmutation Table","Transmutes runes and gems.\nConsumes souls."

"pc_drop_life_powder","Life Powder","Restore 100 HP"
"pc_drop_mana_powder","Mana Powder","Restore 50 SP"

"pc_companion_jack","Jack","Jack"
"pc_table_regen","Pet Healing Table","This table allows you to heal your pets"

"pc_armor_legs_green","Druidic Greaves","Ancient Druidic greaves from a forgotten era."
"pc_armor_body_green","Druidic Armor","An ancient Druidic armor from a forgotten era."
"pc_armor_helmet_green","Druidic Helmet","An ancient Druidic helmet from a forgotten era."


"pc_drop_invincibility_necklace","Invincibility Necklace","Invincibility Necklace"
"pc_drop_perilous_necklace_copper","Copper Perilous Necklace","Perilous Necklace"
"pc_drop_perilous_necklace_silver","Silver Perilous Necklace","Perilous Necklace"
"pc_drop_perilous_necklace_gold","Golden Perilous Necklace","Perilous Necklace"
"pc_drop_safe_necklace_copper","Copper Safe Necklace","Safe Necklace"
"pc_drop_safe_necklace_silver","Silver Safe Necklace","Safe Necklace"
"pc_drop_safe_necklace_gold","Golden Safe Necklace","Safe Necklace"

"pc_drop_ring_endurance_iron","Iron Endurance Ring","Endurance Ring"
"pc_drop_ring_endurance_silver","Silver Endurance Ring","Endurance Ring"
"pc_drop_ring_endurance_gold","Golden Endurance Ring","Endurance Ring"

"pc_drop_ring_chest_iron","Iron Chest Ring","Chest Ring"
"pc_drop_ring_chest_silver","Silver Chest Ring","Chest Ring"
"pc_drop_ring_chest_gold","Golden Chest Ring","Chest Ring"

"pc_drop_ring_ore_iron","Iron Ore Ring","Ore Ring"
"pc_drop_ring_ore_silver","Silver Ore Ring","Ore Ring"
"pc_drop_ring_ore_gold","Golden Ore Ring","Ore Ring"


"pc_triggerable_pet_whistle","Flute of Taming","Allows you to give orders to your pet"

"pc_drop_artefact_fire_orb","Fire orb","A strange energy emerges from this orb"
"pc_drop_artefact_plant_orb","Plant orb","A strange energy emerges from this orb"
"pc_drop_artefact_shadow_orb","Shadow orb","A strange energy emerges from this orb"
"pc_drop_artefact_stone_orb","Stone orb","A strange energy emerges from this orb"
 
"pc_drop_alien_part_blood","Alien blood","Can be exchanged for weapons and ammunition, what a strange currency."
"pc_drop_alien_part_dart","Dart of Soulsucker","Can be exchanged for weapons and ammunition, what a strange currency."
"pc_drop_alien_part_fang","Fang of Brutor","Can be exchanged for weapons and ammunition, what a strange currency."
"pc_drop_alien_part_tail","Tail of Scavenger","Can be exchanged for weapons and ammunition, what a strange currency."
"pc_drop_alien_part_leg","Leg of Tripod","Can be exchanged for weapons and ammunition, what a strange currency."
"pc_drop_alien_part_brain","Brain of Mother brain","Can be exchanged for weapons and ammunition, what a strange currency."
 
"pc_drop_ammo_pistol","Pistol ammunition","An ammunition magazine for the pistol"
"pc_drop_ammo_shotgun","Shotgun shells","Shotgun shell"
"pc_drop_ammo_rifle","Rifle box ammunition","A box of ammunition for the rifle"
"pc_drop_ammo_submachine_gun","Submachine gun ammunition","An ammunition magazine for the submachine gun"
"pc_drop_ammo_rocket","Rocket","A rocket, do not leave it near a fire!"
"pc_drop_ammo_energy_blue","Energy blue battery","An energy battery with significant firepower."
"pc_drop_ammo_energy_green","Energy green battery","An energy battery with low firepower."
"pc_drop_ammo_energy_red","Energy red battery","An energy battery with deadly firepower!"
 
"pc_submachine_gun1","Submachine gun","A firearm with a high rate of fire."
"pc_riffle1","Rifle","An assault rifle: effective, accurate, deadly."
"pc_gun_revolver","Revolver","All you have to do now is find a cowboy hat!"
"pc_gun_semi_auto","Semi-automatic pistol","A semi-automatic pistol."
"pc_shotgun1","Shotgun","A shotgun. Deadly at short range!"
"pc_rocket_launcher","Rocket launcher","Some have tried the bunny jump with this rocket launcher, they bitterly regretted this decision."
 
"pc_assault_riffle_tech","The Eraser","An assault rifle using blue energy batteries as ammunition, the ultimate weapon!"
"pc_gun_green_laser","P-400","A laser gun using green energy batteries as ammunition"
"pc_gun_blue_laser","P-401","A laser gun using blue energy batteries as ammunition"
"pc_gun_pump_fire","Toast maker","Burn them all!"
"pc_gun_steampunk_electric","Executionner","Unleash the electric power on your enemies!"

"pc_triggerable_alien_teleporter","Alien Teleporter","Teleport to the alien outpost"

"pc_triggerable_monster_seal1", "Transformation Seal lv1", "Allows you to transform yourself by sealing the soul of a monster"
"pc_triggerable_monster_seal2", "Transformation Seal lv2", "Allows you to transform yourself by sealing the soul of a monster"
"pc_triggerable_monster_seal3", "Transformation Seal lv3", "Allows you to transform yourself by sealing the soul of a monster"
"pc_triggerable_monster_seal4", "Transformation Seal lv4", "Allows you to transform yourself by sealing the soul of a monster"

"pc_armor_mask_invisible", "Invisible Helmet", "Should be used on the vanilla helmet slot"

"pc_drop_hammer_bronze", "Bronze Hammer", "Used to upgrade your anvil"
"pc_drop_hammer_iron", "Iron Hammer", "Used to upgrade your anvil"
"pc_drop_hammer_steel", "Steel Hammer", "Used to upgrade your anvil"
"pc_drop_hammer_silver", "Silver Hammer", "Used to upgrade your anvil"
"pc_drop_hammer_gold", "Gold Hammer", "Used to upgrade your anvil"

"pc_drop_shadow_armor", "Shadow Armor", "The legendary shadow armor"
"pc_drop_shadow_armor_soul", "Shadow Heart", "Contains the soul of the shadow armor. Seal it with the transformation table"
"pc_drop_shadow_armor_helmet", "Shadow Armor Helmet", "Used to assemble the shadow armor"
"pc_drop_shadow_armor_chest", "Shadow Armor Chest", "Used to assemble the shadow armor"
"pc_drop_shadow_armor_greaves", "Shadow Armor Greaves", "Used to assemble the shadow armor"
"pc_drop_shadow_armor_gloves", "Shadow Armor Gloves", "Used to assemble the shadow armor"
"pc_drop_shadow_armor_sword", "Shadow Armor Sword", "Used to assemble the shadow armor"

"pc_drop_small_crystal_castle", "Stone Crystal", "Teleport you to a hidden dungeon"
"pc_drop_small_crystal_ice", "Ice Crystal", "Teleport you to a hidden dungeon"
"pc_drop_small_crystal_forest", "Leaf Crystal", "Teleport you to a hidden dungeon"
"pc_drop_small_crystal_shadow", "Shadow Crystal", "Teleport you to a hidden dungeon"
"pc_drop_small_crystal_hell", "Fire Crystal", "Teleport you to a hidden dungeon"

"pc_block_sand_column_center", "Sand Column Center", "Part of a column of sand"
"pc_block_sand_column_center2", "Sand Column Center", "Part of a column of sand"
"pc_block_sand_column_top", "Sand Column Top", "Part of a column of sand"
"pc_block_sand_column_bottom", "Sand Column Bottom", "Part of a column of sand"

"pc_block_sand_columnbig_centerl", "Big Sand Column Center Left", "Part of a large column of sand"
"pc_block_sand_columnbig_centerr", "Big Sand Column Center Right", "Part of a large column of sand"
"pc_block_sand_columnbig_topl", "Big Sand Column Top Left", "Part of a large column of sand"
"pc_block_sand_columnbig_topr", "Big Sand Column Top Right", "Part of a large column of sand"
"pc_block_sand_columnbig_bottoml", "Big Sand Column Bottom Left", "Part of a large column of sand"
"pc_block_sand_columnbig_bottomr", "Big Sand Column Bottom Right", "Part of a large column of sand"

"pc_block_castle_column_center1", "Column Center", "Part of a column"
"pc_block_castle_column_center2", "Column Center", "Part of a column"
"pc_block_castle_column_top", "Column Top", "Part of a column"
"pc_block_castle_column_bottom", "Column Bottom", "Part of a column"

"pc_block_castle_columnbig_centerl", "Big Column Center Left", "Part of a large column"
"pc_block_castle_columnbig_centerr", "Big Column Center Right", "Part of a large column"
"pc_block_castle_columnbig_topl", "Big Column Top Left", "Part of a large column"
"pc_block_castle_columnbig_topr", "Big Column Top Right", "Part of a large column"
"pc_block_castle_columnbig_bottoml", "Big Column Bottom Left", "Part of a large column"
"pc_block_castle_columnbig_bottomr", "Big Column Bottom Right", "Part of a large column"

"pc_staff_magic_fire1_simple", "Novice Firebolt Scepter", " "
"pc_staff_magic_fire1b", "Novice Firefall Scepter", " "
"pc_staff_magic_fire1c", "Novice Fire rain Scepter", " "
"pc_staff_magic_fire1d", "Novice Fireball Scepter", " "
"pc_staff_magic_fire1e", "Novice Fire snake Scepter", " "
"pc_staff_magic_fire2_simple", "Firebolt Scepter", " "
"pc_staff_magic_fire2b", "Firefall Scepter", " "
"pc_staff_magic_fire2c", "Fire rain Scepter", " "
"pc_staff_magic_fire2d", "Fireball Scepter", " ",
"pc_staff_magic_fire2e", "Fire snake Scepter", " "

"pc_staff_magic_ice1_simple", "Novice Frostbolt Scepter", " "
"pc_staff_magic_ice1b", "Novice Ice torrent Scepter", " "
"pc_staff_magic_ice1c", "Novice Frost spike Scepter", " "
"pc_staff_magic_ice1d", "Novice Frost fall Scepter", " "
"pc_staff_magic_ice2_simple", "Ice rain Scepter", " "
"pc_staff_magic_ice2b", "Frost fall Scepter", " "
"pc_staff_magic_ice2c", "Frostbolt Scepter", " "
"pc_staff_magic_ice2d", "Ice fall Scepter", " "
"pc_staff_magic_ice2e", "Ice torrent Scepter", " "
"pc_staff_magic_ice2f", "Ice spike Scepter", " "

"pc_staff_magic_elec1_simple", "Novice Ball Lightning Scepter", " "
"pc_staff_magic_elec1b", "Novice Sparking trace Scepter", " "
"pc_staff_magic_elec1c", "Lightning Spike Scepter", " "
"pc_staff_magic_elec1d", "Lightning Arrow Scepter", " "
"pc_staff_magic_elec1e", "Thunderbolt spark Scepter", " "

"pc_staff_magic_elec2_simple", "Ball Lightning Scepter", " "
"pc_staff_magic_elec2b", "Thunderbolt Scepter", " "
"pc_staff_magic_elec2c", "Sparking Trace Scepter", " "
"pc_staff_magic_elec2d", "Sparking tracer fall Scepter", " "

"pc_staff_magic_stone1_simple", "Rockburst Scepter", " "
"pc_staff_magic_stone1b", "Rise of the Earth Scepter", " "
"pc_staff_magic_stone2_simple", "Bones of the Earth Scepter", " "
"pc_staff_magic_stone2b", "Wrath of the Earth Scepter", " "
"pc_staff_magic_stone2c", "Tantrum of the Earth Scepter", " "

"pc_staff_magic_light1_simple", "Novice Divine Ray Scepter", " "
"pc_staff_magic_light2_simple", "Divine Ray Scepter", " "
"pc_staff_magic_light2b", "Divine BladeFall Scepter", " "

"pc_staff_magic_wooden", "Expel Scepter", " "

"pc_drop_blueprint_arcana", "Arcana Blueprint", "Arcana Blueprint"
"pc_drop_blueprint_sun", "Sun Blueprint", "Sun Blueprint"
"pc_drop_blueprint_meteor", "Meteor Blueprint", "Meteor Blueprint"




