"pc_armor_legs_default","블랙 슈트 하의","EX4000 우주선을 살 때 아낌없이 제공된 저렴한 우주복하의."
"pc_armor_legs_tin","주석 하의","주석으로 만든 낮은 보호를 제공하는 다리보호구, 간신히 생명을 구할 수는 있습니다."
"pc_armor_legs_copper","구리 하의","구리로 만든 낮은 보호를 제공하는 다리보호구, 생명을 구할 수는 있습니다."
"pc_armor_legs_bronze","청동 하의","주석과 구리의 합금으로 만들어진 이 청동 다리보호구는 적절한 보호를 제공합니다."
"pc_armor_legs_iron","철 하의","이 다리보호구는 정말 안전하다. 믿어봐"
"pc_armor_legs_steel","강철 하의","이 다리보호구는 가볍기는 하지만 엄청나게 질기다."
"pc_armor_legs_silver","순은 하의","화려한 디테일로 장식된 아름다운 은색 하의."
"pc_armor_legs_gold","황금 하의","반짝이는 황금 다리보호구!"
"pc_armor_legs_dark","암흑 하의","어두운 기운이 나는 갑옷 하의"
"pc_armor_legs_dragon","드래곤 하의","이 다리보호구는 드래곤의 비늘로 만들어져서 뛰어난 보호 기능을 제공합니다!"
"pc_armor_body_default","블랙 슈트 흉갑","EX4000 우주선을 살 때 아낌없이 제공된 저렴한 우주복상의."
"pc_armor_body_tin","주석 흉갑","주석으로 만든 낮은 보호를 제공하는 흉갑, 간신히 생명을 구할 수는 있습니다."
"pc_armor_body_copper","구리 흉갑","구리로 만든 낮은 보호를 제공하는 흉갑, 생명을 구할 수는 있습니다."
"pc_armor_body_bronze","청동 흉갑","주석과 구리의 합금으로 만들어진 이 청동 흉갑은 적절한 보호를 제공합니다."
"pc_armor_body_iron","철 흉갑","이 흉갑은 정말 안전하다. 믿어봐"
"pc_armor_body_steel","강철 흉갑","이 흉갑은 가볍기는 하지만 엄청나게 질기다."
"pc_armor_body_silver","순은 흉갑","화려한 디테일로 장식된 아름다운 은색 흉갑."
"pc_armor_body_gold","황금 흉갑","반짝이는 황금 흉갑!"
"pc_armor_body_dark","암흑 흉갑","어두운 기운이 나는 흉갑"
"pc_armor_body_dragon","드래곤 흉갑","이 흉갑은 드래곤의 비늘로 만들어져서 뛰어난 보호 기능을 제공합니다!"
"pc_armor_helmet_tin","주석 투구","주석으로 만든 낮은 보호를 제공하는 투구, 간신히 생명을 구할 수는 있습니다."
"pc_armor_helmet_copper","구리 투구","구리로 만든 낮은 보호를 제공하는 투구, 생명을 구할 수는 있습니다."
"pc_armor_helmet_bronze","청동 투구","주석과 구리의 합금으로 만들어진 이 청동 투구는 적절한 보호를 제공합니다."
"pc_armor_helmet_iron","철 투구","이 투구는 정말 안전하다. 믿어봐"
"pc_armor_helmet_steel","강철 투구","이 투구는 가볍기는 하지만 엄청나게 질기다."
"pc_armor_helmet_silver","순은 투구","화려한 디테일로 장식된 아름다운 은색 투구."
"pc_armor_helmet_silver2","순은 해골 두상","적을 겁주기 위해 해골처럼 생긴 순은 투구."
"pc_armor_helmet_gold","황금 투구","반짝이는 황금 투구!"
"pc_armor_helmet_gold2","황금 사자 두상","고대 지구 포식자에 의해 영감을 받은 황금 투구"
"pc_armor_helmet_dark","암흑 투구","어두운 기운이 나는 투구"
"pc_armor_helmet_dragon","드래곤 투구","이 투구는 드래곤의 비늘로 만들어져서 뛰어난 보호 기능을 제공합니다!"
"pc_armor_helmet_skull","해골 두상","적을 겁주기 위해 만든 투구."
"pc_armor_wizard_hat","마법사 모자","모든 마법사가 좋아하는 모자!"
"pc_armor_chefs_hat","요리사 모자","모든 요리사가 좋아하는 모자!"
"pc_shield_tin","주석 방패","주석으로 만든 낮은 보호를 제공하는 방패, 간신히 생명을 구할 수는 있습니다."
"pc_shield_copper","구리 방패","구리로 만든 낮은 보호를 제공하는 방패, 생명을 구할 수는 있습니다."
"pc_shield_bronze","청동 방패","주석과 구리의 합금으로 만들어진 이 청동 방패는 적절한 보호를 제공합니다."
"pc_shield_iron","철 방패","이 방패는 정말 안전하다. 믿어봐"
"pc_shield_steel","강철 방패","이 방패는 가볍기는 하지만 엄청나게 질기다."
"pc_shield_silver","순은 방패","화려한 디테일로 장식된 아름다운 은색 방패."
"pc_shield_gold","황금 방패","반짝이는 황금 방패!"
"pc_shield_dragon","드래곤 방패","이 방패는 드래곤의 비늘로 만들어져서 뛰어난 보호 기능을 제공합니다!"
"pc_sword_wood","목검","혼자 가는 건 위험해, 이걸 가져가!'"
"pc_sword_tin","초심자 검","신참에게 쓸만한 검."
"pc_sword_copper","단조 검","신참에게 완벽한 검."
"pc_sword_bronze","청동 검","주석과 구리의 합금으로 만들어진 무딘 날을 가진 무거운 칼."
"pc_sword_iron","기사의 검","진짜 기사 검!"
"pc_sword_steel","강철 검","이 무기는 가볍기는 하지만 매우 단단하다."
"pc_sword_silver","순은 검","이 은색 검을 사용하면 공격 속도가 크게 빨라집니다!"
"pc_sword_leaf","잎사귀 검","날카로운 잎으로 만든 검."
"pc_sword_gold","왕의 검","왕을 위해 만들어진 황금검"
"pc_sword_fire","드래곤 검","용의 비늘로 만든 칼."
"pc_sword_wild","자연 검","야만적이고 파괴적인 검."
"pc_sword_basic","신병의 검","신참에게 쓸만한 검."
"pc_sword_copper2","병사의 검","신참에게 완벽한 검."
"pc_sword_protector","수호의 검","약자와 억압받는 이들을 보호하기 위한 칼날."
"pc_sword_katana","카타나","면도날처럼 날카로운 검."
"pc_sword_arcane","마법검","강력한 마법 에너지는 그들의 칼에서 나온다."
"pc_sword_shark","상어이빨","톱니 모양의 칼. 절삭력보다는 파괴력이 강하다."
"pc_sword_butcher","푸줏간 식칼","고기를 잘게 썰어라!"
"pc_sword_guardian","보호의 검","약자와 억압받는 이들을 보호하기 위해 만든 검."
"pc_sword_green","뱀의 송곳니","칼에 베이면 독이 서립니다."
"pc_sword_red_blade","적색 칼날","당신의 적들의 피는 불타는 붉은 칼날 위에 쌓일 것입니다."
"pc_sword_vorpal","보르팔검","등 조심해, 재버윅!"
"pc_sword_blackguard","블랙가드 검","훌륭한 품질의 어두워 보이는 검."
"pc_sword_poison","베놈","독이 든 강력한 칼날, 작은 상처만 만들어두라고!"
"pc_sword_burn","화염검","적을 심하게 태우는 칼."
"pc_sword_shadow","새도우","적의 시야를 가리는 칼."
"pc_sword_ice","빙산일각","적을 얼리는 칼."
"pc_bow_debug","활","기본적인 활."
"pc_bow_wood","나무 활","나무로 만든 활."
"pc_bow_iron","철 활","철로 만든 활."
"pc_bow_steel","강철 활","강철의 활은 가볍고 단단하다."
"pc_bow_silver","순은 활","은판으로 보강된 활"
"pc_bow_gold","황금 활","이 활을 덮고 있는 금은 얼마일까요!"
"pc_bow_dark","암흑 활","어둠에 휩싸인 악마의 활"
"pc_boomerang_wood","나무 부메랑","돌아와라 나무 부우우메랑!"
"pc_boomerang_steel","강철 부메랑","강철로 만든 이 부메랑은 치명적인 무기이다."
"pc_boomerang_gold","황금 부메랑","가져가면 안돼! 돌아와! 눈부신 부메에랑!"
"pc_boomerang_dark","암흑 부메랑","어둠에 휩싸인 악마의 부메랑"
"pc_arrow_wood","나무 화살","기본적이지만 효율적인 화살."
"pc_arrow_iron","철 화살","날카롭고 강한 화살."
"pc_arrow_silver","순은 화살","순은으로 만든 화살."
"pc_arrow_gold","황금 화살","눈이 부셔서 적의 시야를 가리는 황금빛 화살"
"pc_arrow_dark","암흑 화살","어둠의 축복을 받은 화살"
"pc_armor_zombi_mask","마스크","좀비 마스크"
"pc_armor_scorpion_mask","마스크","전갈 마스크"
"pc_armor_crawler_mask","마스크","구울 마스크"
"pc_armor_eagle_mask","마스크","독수리 마스크"
"pc_armor_creeping_mask","마스크","크립 마스크"
"pc_armor_ghost_mask","마스크","유령 마스크"
"pc_armor_butcher_mask","마스크","도살자 마스크"
"pc_armor_golem_mask","마스크","골렘 마스크"
"pc_armor_wood_mask","마스크","나무 마스크"
"pc_axe","도끼","나무꾼을 위한 도끼"
"pc_spade_wood","목재 괭이","블록을 파괴하지 않고 식물을 수확할 수 있습니다."
"pc_pickaxe_wood","목재 곡괭이","즉석에서 만든 나무 곡괭이."
"pc_pickaxe_tin","주석 곡괭이","주석으로 곡괭이를 만들어요? 땅은 파져요?"
"pc_pickaxe_copper","구리 곡괭이","구리 곡괭이는 물러서 조심히 다뤄야합니다."
"pc_pickaxe_bronze","청동 곡괭이","이제부터는 청동 곡괭이가 당신의 채굴을 도울거에요!"
"pc_pickaxe_iron","철 곡괭이","무겁지만 효율적인 곡괭이"
"pc_pickaxe_steel","강철 곡괭이","가볍고 단단한 곡괭이 입니다. 더 빨리 파세요!"
"pc_pickaxe_silver","순은 곡괭이","정교한 은색 곡괭이는 단단합니다. 걱정말고 더 빨리 파세요!"
"pc_pickaxe_gold","황금 곡괭이","훌륭한 보석으로 장식된 이 곡괭이를 보라! 누가 저항할 수 있겠는가!"
"pc_anvil_npc","대장장이 모루","대장장이를 위한 필수 도구!"
"pc_cauldron_npc","요리사 가마솥","요리사를 위한 필수 도구!"
"pc_alchemy_table_npc","마법사 책상","마법사를 위한 필수 도구!"
"pc_middleages_woodworking","중세 시대 고급 제작대","중세 시대처럼 만들어진 나무 작업대."
"pc_runic_table_craft","룬 제작대","룬을 합성할 수 있는 작업대 입니다."
"pc_middleages_forge","용광로","전형적인 중세 용광로."
"pc_middleages_foundry","주조 공장","전형적인 중세 주조 공장"
"pc_middleages_anvil_tin","주석 모루","주석 모루 하나"
"pc_middleages_anvil_copper","구리 모루","구리 모루 하나"
"pc_middleages_anvil_bronze","청동 모루","청동 모루 하나"
"pc_middleages_anvil","철 모루","철 모루 하나"
"pc_anvil_steel","강철 모루","강철 모루 하나"
"pc_anvil_silver","순은 모루","순은 모루 하나"
"pc_anvil_gold","황금 모루","황금 모루 하나"
"pc_middleages_cauldron","중세 가마솥","다양한 재료를 넣어 요리가 가능한 가마솥"
"pc_middleages_besidetable"," 중세 시대 보조 작업대"," 나무로 만들어진 보조 작업대"
"pc_table_transformation","변환 작업대","몬스터를 무한대로 변환할 수 있습니다."
"pc_meat_rack","고기 건조대","고기 건조대! 고기를 넣어보세요!"
,,
"pc_chicken_manger","닭장","닭장 속에는 암탉이 있지!"
"pc_cow_manger","외양간","외양간 속에는 젖소가 있지!"
,,
"pc_block_maker","블록 생성기","원자재를 블록으로 변형시킬 수 있는 매우 흥미로운 기계입니다."
"pc_runic_anvil","룬 모루","장비에 룬을 장착할 수 있는 룬 모루"
"pc_campfire","모닥불","단순히 고기를 굽고 싶으시다고요? 얼음을 녹이고 싶으신가요? 모닥불을 이용하세요!"
,,
"pc_alchemy_bookcase","연금술사 책장","연금술 책들로 가득 찬 책장."
"pc_alchemy_door","연금술사 방문","모든 사람들에게 경고한다. 연금술의 문은 아무나 열수 있는것이 아니다."
"pc_alchemy_table","연금술사 작업대","포션을 만들 수 있는 연금술 작업대 입니다."
"pc_alchemy_table2","연금술사 작업대","포션을 만들 수 있는 연금술 작업대 입니다."
"pc_alchemy_chair","연금술사 의자","연금술사를 위해 만들어진 의자"
"pc_alchemy_skull","연금술사 해골","촛대 역할을 하는 두개골."
,,
"pc_donjon_platform","던전 발판","지하감옥의 질척한 피가 굳어서 만들어진 발판"
"pc_soul_crystal","영혼 크리스탈","수년간 모아진 많은 영혼들이 만들어낸 결정체, 불가사의한 결정에는 몬스터을 향한 증오가 담겨있다."
,,
"pc_flesh_workbench","살덩이 작업대","살로 만든 작업대. 정상적인 사람들을 위한 작업대가 아니야!"
"pc_flesh_banner","살덩이 배너","살덩이로 만들어진 배너, 여기엔 심상치 않은것이 있어 돌아가!"
"pc_flesh_chair","살덩이 의자","살덩이로 만들어진 의자, 심장이 뛰고 있는거 보여?"
"pc_flesh_chandelier","살덩이 샹들리에","살덩이로 만들어진 샹들리에, 보지마 심장이 멎을지도 몰라!"
"pc_flesh_couch","살덩이 소파","살덩이 소파에 앉아봐, 너무 진짜같아서 기절할지도 몰라!"
"pc_flesh_decoration","살덩이 장식","알수없는 살덩이가 여기저기 장식처럼 붙어있다."
"pc_flesh_decoration2","살덩이 장식","살덩이로 만들어진 장식물이다. 누구의 피와 살덩이 인걸까."
"pc_flesh_door","살덩이 문","시뻘건 문이다. 살덩이와 피가 굳어져 만들어졌다."
"pc_flesh_table","살덩이 책상","살덩이로 만들어진 책상, 한가운데 눈알이 나를 보고 있다."
"pc_flesh_wardrobe","살덩이 옷장","옷장은 살덩이로 만들어진것 같다. 안에는 뼈가 있다."
"pc_flesh_wardrobe2","살덩이 옷장","옷장은 살덩이로 만들어졌다. 문을 열어보기 무섭다."
,,
"pc_gold_platform","황금 발판","부의 상징! 황금 발판!"
"pc_gold_workbench","황금 작업대","황금을 가공하는 황금 작업대!"
"pc_gold_armchair;Golden Armchair","황금 팔걸이 의자","황금으로 만들어진 팔걸이 의자"
"pc_gold_commode","황금 서랍장","오! 황금 서랍장을 열어보자. 그러나 아무것도 없었다."
"pc_gold_bed","황금 침대","황금 침대다. 너무 빛나 잠자기에 편안해보이지는 않다."
"pc_gold_candlestick","황금 촛대","왕을 위한 황금 촛대!"
"pc_gold_chair","황금 의자","황금으로 만들어진 의자이다. 130kg 이상은 앉지마라 부서진다."
"pc_gold_couch","황금 소파","황금으로 만들어진 소파"
"pc_gold_door","황금 문","황금의 방으로 인도하는 전설의 황금 문이다. "
"pc_gold_table","황금 책상","문양이 장식된 황금으로 만들어진 책상이다."
"pc_gold_table2","황금 책상","매끈한 황금으로 만들어진 책상이다."
"pc_gold_wardrobe","황금 옷장","황금 옷장을 열어보았지만 아무것도 없었다."
"pc_gold_chandelier","황금 샹들리에","궁전의 천정에 달릴만한 고급스런 샹들리에"
"pc_brick_gold1","황금 벽돌","황금 바로 쌓은 벽돌이다."
"pc_brick_gold2","황금 벽돌","황금 원석을 가공하여 만든 벽돌이다."
"pc_brick_gold3","황금 블록","황금 덩어리로 만든 벽돌이다."
,,
"pc_ice_workbench","얼음 작업대","설원의 녹지않는 얼음으로 만들어낸 차가운 얼음작업대."
"pc_ice_table","얼음 책상","녹지 않는 얼음으로 만들어진 차가운 얼음 책상"
"pc_ice_table2","얼음 책상","얼음 책상은 투명하지만 반대편이 비칠 정도로 투명했다."
"pc_ice_chair","얼음 의자","얼음 의자는 여왕을 위해 만들어졌다."
"pc_ice_armchair","얼음 팔걸이 의자","얼음 팔걸이 의자는 고독하게 자리를 잡고 있다."
"pc_ice_sofa","얼음 소파","얼음으로 만들어진 소파는 기이하게도 포근했다."
"pc_ice_bed","얼음 침대","얼음으로 만들어진 침대, 자고나니 몸이 얼어있었다."
"pc_ice_wardrobe","얼음 옷장","얼음으로 만들어진 옷장은 탈취 기능이 탑재되어 있다."
"pc_ice_commode","얼음 서랍","얼음으로 만들어진 서랍은 내부가 훤히 보인다. "
"pc_ice_chandelier","얼음 샹들리에","얼음으로 만들어진 샹들리에에 촛불이 위태롭게 빛나고 있다."
"pc_ice_floor_lamp","얼음 램프","얼음안에 영혼석같이 아름다운 불꽃이 타오르고 있다."
"pc_ice_door","얼음 문","얼음 여왕의 방문, 얼음으로 만들어진 문이다. "
"pc_ice_platform","얼음 발판","얼음으로 만든 발판이다. 조심해라 미끄럽다."
,,
"pc_slime_workbench","슬라임 작업대","슬라임이었던 것들로 만든 작업대. 나는 그들이 어떻게 서로를 붙잡고 있는지 궁금하다..."
"pc_slime_table","슬라임 책상","슬라임이었던 것들로 만든 책상. 나는 그들이 어떻게 서로를 붙잡고 있는지 궁금하다…"
"pc_slime_table2","슬라임 책상","슬라임이었던 것들로 만든 책상. 나는 그들이 어떻게 서로를 붙잡고 있는지 궁금하다…"
"pc_slime_table3","슬라임 책상","슬라임이었던 것들로 만든 책상. 나는 그들이 어떻게 서로를 붙잡고 있는지 궁금하다…"
"pc_slime_chair","슬라임 의자","슬라임이었던 것들로 만든 의자. 나는 그들이 어떻게 서로를 붙잡고 있는지 궁금하다…"
"pc_slime_armchair2","슬라임 팔걸이의자","슬라임이었던 것들로 만든 팔걸이의자. 나는 그들이 어떻게 서로를 붙잡고 있는지 궁금하다…"
"pc_slime_armchair","슬라임 소파","슬라임이었던 것들로 만든 소파. 나는 그들이 어떻게 서로를 붙잡고 있는지 궁금하다…"
"pc_slime_bed","슬라임 침대","슬라임이었던 것들로 만든 침대. 나는 그들이 어떻게 서로를 붙잡고 있는지 궁금하다…"
"pc_slime_ceil_lamp","슬라임 샹들리에","슬라임이었던 것들로 만든 샹들리에. 나는 그들이 어떻게 서로를 붙잡고 있는지 궁금하다…"
"pc_slime_ceil_lamp2","슬라임 샹들리에","슬라임이었던 것들로 만든 샹들리에. 나는 그들이 어떻게 서로를 붙잡고 있는지 궁금하다…"
"pc_slime_door","슬라임 방문","슬라임이었던 것들로 만든 문. 나는 그들이 어떻게 서로를 붙잡고 있는지 궁금하다…"
"pc_slime_platform","슬라임 발판","슬라임이었던 것들로 만든 발판. 나는 그들이 어떻게 서로를 붙잡고 있는지 궁금하다…"
,,
"pc_torture_workbench","고문 작업대","고문을 위한 작업대이다."
"pc_torture_table","고문 책상","책상위에 유리가 박혀있다. 모든면에서 완벽하다."
"pc_torture_table2","고문 책상","책상위에 못이 박혀있다. 모든면에서 완벽하다."
"pc_torture_chair","고문 의자","긴장을 풀 수 있는 완벽한 의자"
"pc_torture_chair2","고문 의자","긴장을 풀 수 있는 완벽한 의자"
"pc_torture_chair3","고문 의자","긴장을 풀 수 있는 완벽한 의자"
"pc_torture_sofa","고문 소파","앉으세요. 아주 편안해 보이실 거예요!"
"pc_torture_couch","고문 소파","편해질수 있는 소파지만, 가장 편안한 소파는 아닐지도 모른다."
"pc_torture_couch2","고문 소파","편해질수 있는 소파지만, 가장 편안한 소파는 아닐지도 모른다."
"pc_torture_couch3","고문 소파","편해질수 있는 소파지만, 가장 편안한 소파는 아닐지도 모른다."
"pc_torture_bed","고문 침대","즐거운 잠자리 즐기세요. 마지막이 될거에요."
"pc_torture_bed2","고문 침대","여기서 한번 자봐요. 어떻게 되나 봅시다!"
"pc_torture_decoration6","고문 장식","아주 고상한 장식들"
"pc_torture_wardrobe","고문 옷장","옷과 도구를 보관하는 옷장.."
"pc_torture_wardrobe2","고문 옷장","옷과 도구를 보관하는 옷장."
"pc_torture_commode","고문 서랍장","모든 가학 성애자들을 만족시킬 수 있는 서랍장"
"pc_torture_chandelier","고문 샹들리에","샹들리에가 고독하게 천장을 밝게 하고 있다."
"pc_torture_door","고문 방문","이 문은 뒤에 무엇이 있는지 분명히 보여준다."
"pc_torture_cage","고문 새장","손님들을 만족시키기 위한 이상적인 우리."
"pc_torture_iron_maiden","아이언메이든","고대 고문 도구예요. 사람을 안에 넣고 가시 관으로 덮은뒤 흔들죠."
"pc_torture_decoration","고문 장식","아주 고상한 장식들"
"pc_torture_decoration2","고문 장식","아주 고상한 장식들"
"pc_torture_decoration3","고문 장식","아주 고상한 장식들"
"pc_torture_decoration4","고문 장식","아주 고상한 장식들"
"pc_torture_decoration5","고문 장식","아주 고상한 장식들"
"pc_torture_platform","고문 발판","고문관을 배려한 발판이다."
,,
"pc_middleages_banner","중세 배너","중세 상인 가문의 배너."
"pc_middleages_banner2","중세 배너","중세 연금술사 가문의 배너."
"pc_middleages_banner3","중세 배너","중세 검투사 가문의 배너."
"pc_middleages_bed","중세 침대","짚으로 만든 중세 침대,"
"pc_middleages_bed2","중세 침대","전형적인 중세 침대."
"pc_middleages_chandelier","중세 샹들리에","전형적인 중세 샹들리에."
"pc_middleages_bedsidetable","중세 보조 책상","전형적인 중세 보조 책상."
"pc_middleages_candlestick","중세 촛대","전형적인 중세 촛대 장식."
"pc_middleages_table","중세 책상","전형적인 중세 책상"
"pc_middleages_wardrobe","중세 옷장","중세 스타일의 옷들이 보관된 옷장"
"pc_middleages_decoration","중세 장식","인기있는 중세의 장식."
"pc_middleages_decoration3","중세 장식","유명한 중세의 장식"
"pc_middleages_decoration4","중세 장식","멋있는 중세의 장식"
"pc_middleages_decoration5","중세 장식","상징적인 중세의 장식"
"pc_middleages_decoration6","중세 장식","기념적인 중세의 장식"
"pc_middleages_decoration7","중세 장식","고상한 중세의 장식"
"pc_middleages_lamp2","중세 램프","중세 시대의 이상하게 조작된 램프입니다."
"pc_middleages_lamp3","중세 램프","중세 시대처럼 만들어진 램프."
"pc_middleages_lampost","중세 가로등","중세 시대처럼 만들어진 가로등."
"pc_middleages_lamp","중세 램프","중세 시대처럼 만들어진 램프."
,,
"pc_rococo_platform","로코코 발판","산업혁명기 초월적인 아름다움을 모토로 하던 로코코 스타일의 발판"
"pc_rococo_woodworking","로코코 목공예장","순수한 로코코 스타일의 목공예장."
"pc_rococo_table","로코코 책상","순수한 로코코 스타일의 책상."
"pc_rococo_bed","로코코 침대","순수한 로코코 스타일의 침대."
"pc_rococo_wardrobe","로코코 옷장","순수한 로코코 스타일의 옷장."
"pc_rococo_door","로코코 방문","순수한 로코코 스타일의 방문."
"pc_rococo_workbench","로코코 작업대","산업혁명기 초월적인 아름다움을 모토로 하던 로코코 스타일의 작업대."
"pc_rococo_armchair","로코코 팔걸이의자","순수한 로코코 스타일의 팔걸이의자."
"pc_rococo_besidetable","로코코 보조 책상","순수한 로코코 스타일의 보조책상."
"pc_rococo_besidetable2","로코코 보조 책상","순수한 로코코 스타일의 보조책상."
"pc_rococo_dresser","로코코 옷장","순수한 로코코 스타일의 옷장."
"pc_rococo_dresser2","로코코 옷장","순수한 로코코 스타일의 옷장."
"pc_rococo_chair","로코코 의자","순수한 로코코 스타일의 의자."
"pc_rococo_chandelier","로코코 샹들리에","순수한 로코코 스타일의 샹들리에."
"pc_rococo_couch","로코코 긴소파","순수한 로코코 스타일의 긴소파."
"pc_rococo_lamp","로코코 램프","순수한 로코코 스타일의 램프."
,,
"pc_roman_banner_little1","고대 로마 작은 배너","순수한 로마 스타일로 장식된 작은 검투사 현수막."
"pc_roman_banner_little2","고대 로마 작은 배너","순수한 로마 스타일로 장식된 작은 기사 현수막."
"pc_roman_banner1","고대 로마 배너","순수한 로마 스타일로 장식된 검투사 현수막."
"pc_roman_banner2","고대 로마 배너","순수한 로마 스타일로 장식된 기사 현수막."
"pc_roman_banner3","고대 로마 배너","순수한 로마 스타일로 장식된 챔피언 현수막."
"pc_roman_chair","고대 로마 의자","순수한 로마 스타일의 의자."
"pc_roman_commode","고대 로마 서랍장","순수한 로마 스타일의 서랍장"
"pc_roman_couch","고대 로마 긴소파","순수한 로마 스타일의 장의자"
"pc_roman_door","고대 로마 방문","로마제국의 전형적인 문입니다."
"pc_roman_table","고대 로마 책상","로마인의 관습에 따른 전형적인 식탁."
"pc_roman_wardrobe","고대 로마 옷장","전형적인 로마식 옷장"
"pc_roman_chandelier","고대 로마 샹들리에","이 샹들리에는 로마의 고대유적으로 보인다."
"pc_roman_chandelier2","고대 로마 샹들리에","이 샹들리에는 로마의 고대유적을 복원하여 만들어 졌다."
,,
"pc_royal_banner1","현자왕 배너","지고한 현자왕의 상징적인 배너."
"pc_royal_banner2","기사왕 배너","고강한 기사왕의 상징적인 배너."
"pc_royal_banner3","태양왕 배너","신성한 태양왕의 상징적인 배너."
"pc_royal_bed","왕실 침대","값을 매길수 없는 왕의 침대."
"pc_royal_chandelier","왕실 샹들리에","정교하게 가공된 왕실의 샹들리에."
"pc_royal_chandelier2","왕실 샹들리에","정교하게 가공된 왕실의 샹들리에."
"pc_royal_chair","왕실 의자","그 위에 앉아 있는 사람의 소리를 높여주는 장엄한 왕좌."
"pc_royal_brazier","왕실 화로","긴 겨울 밤을 위한 웅장한 화로"
"pc_royal_lamp","왕실 램프","왕실을 비추는 화려한 등"
"pc_royal_table","왕실 책상","왕이 공부하고 업무를 보는 책상"
"pc_royal_wardrobe","왕실 옷장","궁녀가 관리하지 않는 왕의 특별한 옷장"
,,
"pc_ancien_platform","고대의 발판","사막에 살고 있는 고대 문명에 의해 만들어진 플랫폼."
"pc_ancien_sand_commode","고대의 서랍장","사막에 살고 있는 고대 문명에 의해 만들어진 서랍장."
"pc_ancien_sand_workbench","고대의 작업대","사막에 살고 있는 고대 문명에 의해 만들어진 작업대."
"pc_ancien_sand_wardrobe","고대의 옷장","사막에 살고 있는 고대 문명에 의해 만들어진 옷장."
"pc_ancien_sand_wardrobe2","고대의 옷장","사막에 살고 있는 고대 문명에 의해 만들어진 옷장."
"pc_ancien_sand_table","고대의 책상","사막에 살고 있는 고대 문명에 의해 만들어진 책상."
"pc_ancien_sand_table2","고대의 책상","사막에 살고 있는 고대 문명에 의해 만들어진 책상."
"pc_ancien_sand_table3","고대의 책상","사막에 살고 있는 고대 문명에 의해 만들어진 책상."
"pc_ancien_sand_lamp","고대의 등","사막에 살고 있는 고대 문명에 의해 만들어진 등."
"pc_ancien_sand_lamp2","고대의 등","사막에 살고 있는 고대 문명에 의해 만들어진 등."
"pc_ancien_sand_bed","고대의 침대","사막에 살고 있는 고대 문명에 의해 만들어진 침대."
"pc_ancien_sand_bed2","고대의 침대","사막에 살고 있는 고대 문명에 의해 만들어진 침대."
"pc_ancien_sand_chair","고대의 의자","사막에 살고 있는 고대 문명에 의해 만들어진 의자."
"pc_ancien_sand_door","고대의 문","사막에 살고 있는 고대 문명에 의해 만들어진 문."
,,
"pc_savage_door","야만인 문","대나무와 가죽으로 만든 문."
"pc_savage_door2","야만인 문","대나무로 만든 문."
"pc_savage_bed","야만인 침대","대나무와 가죽으로 만든 침대."
"pc_savage_chandelier","야만인 샹들리에","대나무와 가죽으로 만든 샹들리에."
"pc_savage_armchair","야만인 팔걸이 의자","대나무와 가죽으로 만든 팔걸이 의자."
"pc_savage_couch","야만인 장의자","대나무와 가죽으로 만든 장의자."
"pc_savage_brazier","야만인 화로","대나무와 가죽으로 만든 화로."
"pc_savage_table","야만인 책상","대나무와 가죽으로 만든 책상."
"pc_savage_wardrobe","야만인 옷장","대나무와 가죽으로 만든 옷장."
,,
"pc_stoneage_platform","석기시대 발판","선사시대 유랑민의 간이 발판"
"pc_stoneage_table","석기시대 책상","선사시대의 책상"
"pc_stoneage_workbench","석기시대 작업대","선사시대의 재료를 가공하여 가구를 만들 수 있는 작업대"
"pc_stoneage_wardrobe","석기시대 옷장","선사시대의 옷장"
"pc_stoneage_table1","석기시대 책상","선사시대의 책상"
"pc_stoneage_table2","석기시대 책상","선사시대의 책상"
"pc_stoneage_table3","석기시대 책상","선사시대의 책상"
"pc_stoneage_chair","석기시대 의자","선사시대의 의자"
"pc_stoneage_chair2","석기시대 의자","선사시대의 의자"
"pc_stoneage_bed","석기시대 침대","선사시대의 침대."
"pc_stoneage_chandelier","석기시대 샹들리에","선사시대의 샹들리에."
"pc_stoneage_chandelier2","석기시대 샹들리에","선사시대의 샹들리에."
"pc_stoneage_commode","석기시대 서랍장","선사시대의 서랍장."
"pc_stoneage_decoration","석기시대 장식","선사시대 양식의 석조."
"pc_stoneage_sofa","석기시대 소파","선사시대 스타일의 소파."
"pc_torch_wood","반짝이는 나무 막대기","이것은 횃불은 아니지만, 거의 그만큼 불이 붙는다."
"pc_torch","횃불","이 나무 횃불은 가장 어두운 동굴에서 당신의 시야를 확보 해 줄 것이다."
"pc_torch_donjon","던전 횃불","어떤 방에서도 불안감을 주는 횃불."
"pc_torch_green","초록 횃불","이 나무 횃불은 가장 어두운 동굴에서 당신의 시야를 확보 해 줄 것이다."
"pc_torch_aqua","파랑 횃불","이 나무 횃불은 가장 어두운 동굴에서 당신의 시야를 확보 해 줄 것이다."
,,
"pc_wood_barrel","나무통","물품을 보관하기 위한 나무 통."
"pc_wood_bedside_table","나무 보조탁자","거친나무로 만든 보조 탁자."
"pc_wood_bedside_table_2","나무 보조탁자","거친나무로 만든 보조 탁자."
"pc_wood_table","나무 식탁","간단한 식탁이지만 단단한 나무로 만들어졌어요."
"pc_wood_table_2","나무 식탁","간단한 식탁이지만 단단한 나무로 만들어졌어요."
"pc_wood_table_3","나무 식탁","간단한 식탁이지만 단단한 나무로 만들어졌어요."
"pc_wood_door","나무 문","두꺼운 나무 판자로 만들어진 단단한 문"
"pc_wood_chair","나무 의자","단단한 나무 의자."
"pc_wood_chair_2","나무 의자","단단한 나무 의자."
"pc_wood_box","나무 상자","나무 상자, 다용도."
"pc_wood_little_box","나무 작은상자","물건을 보관하기 위한 작은 나무 상자."
"pc_wood_stool","나무 스툴","나무로 만든 등받이가 없는 의자."
"pc_wood_stool_2","나무 스툴","나무로 만든 등받이가 없는 의자."
"pc_wood_weapon_rack","나무 무기받침대","견고한 나무로 만들어진 무기대."
"pc_wood_platform","나무 발판","간단하지만 튼튼한 나무 플랫폼."
"pc_wooden_sign_up","나무 표지판","나무로 된 표지판이야."
"pc_wooden_sign_down","나무 표지판","나무로 된 표지판이야."
"pc_wooden_sign_right","나무 표지판","나무로 된 표지판이야."
"pc_zombie_chandelier","좀비 샹들리에","좀비 부품으로 만든 샹들리에. 부품 각자가 살아있다."
"pc_zombie_chandelier2","좀비 샹들리에","좀비 부품으로 만든 샹들리에. 부품 각자가 살아있다."
"pc_zombie_armchair","좀비 팔걸이의자","좀비 부품으로 만든 팔걸이의자. 부품 각자가 살아있다."
"pc_zombie_lamp","좀비 램프","좀비 부품으로 만든 램프. 부품 각자가 살아있다."
"pc_zombie_brazier","좀비 화로","좀비 부품으로 만든 화로. 부품 각자가 살아있다."
"pc_zombie_table","좀비 식탁","좀비 부품으로 만든 식탁. 부품 각자가 살아있다."
"pc_drop_arrow_wood","나무 화살","기본적이지만 효율적인 화살."
"pc_drop_arrow_iron","철 화살","질기고 날카롭다. 강철 화살보다 더 빨리 녹이 슨다."
"pc_drop_arrow_silver","은 화살","이능을 가진 도둑에게 매우 유용하다."
"pc_drop_arrow_gold","황금 화살","자, 이 화살들은 정말 큰 돈이 들었어요!"
"pc_drop_arrow_dark","암흑 화살","암흑 에너지가 응집된 화살"
"pc_drop_agate1","마노 결정","대자연의 법칙이 담긴 마노.\n1단계의 대지 마법을 담을 수 있다."
"pc_drop_agate2","마노 결정체","인공적인 힘을 가해 뭉쳐놓은 마노.\n2단계의 대지 마법을 담을 수 있다."
"pc_drop_agate3","마노 조각","일반인이 최선을 다해 만든 마노.\n3단계의 대지 마법을 담을 수 있다."
"pc_drop_agate4","마노 원석","장인이 영혼을 걸고 만든 마노.\n4단계의 대지 마법을 담을 수 있다."
"pc_drop_agate5","마노 가공석","천사가 혼신을 다해 만든 마노.\n5단계의 대지 마법을 담을 수 있다."
"pc_drop_agate6","마노 보석","대천사의 염원이 담겨진 마노.\n6단계의 대지 마법을 담을 수 있다."
"pc_drop_agate7","마노 신성석","신의 가호를 받아 창조한 마노. 7단계의 대지 마법을 담을 수 있다."
"pc_drop_amethyst1","자수정 결정","대자연의 법칙이 담긴 자수정.\n1단계의 혼돈 마법을 담을 수 있다."
"pc_drop_amethyst2","자수정 결정체","인공적인 힘을 가해 뭉쳐놓은 자수정.\n2단계의 혼돈 마법을 담을 수 있다."
"pc_drop_amethyst3","자수정 조각","일반인이 최선을 다해 만든 자수정.\n3단계의 혼돈 마법을 담을 수 있다."
"pc_drop_amethyst4","자수정 원석","장인이 영혼을 걸고 만든 자수정.\n4단계의 혼돈 마법을 담을 수 있다."
"pc_drop_amethyst5","자수정 가공석","천사가 혼신을 다해 만든 자수정.\n5단계의 혼돈 마법을 담을 수 있다."
"pc_drop_amethyst6","자수정 보석","대천사의 염원이 담겨진 자수정.\n6단계의 혼돈 마법을 담을 수 있다."
"pc_drop_amethyst7","자수정 신성석","신의 가호를 받아 창조한 자수정. 7단계의 혼돈 마법을 담을 수 있다."
"pc_drop_diamond1","다이아몬드 결정","대자연의 염원이 담겨진 다이아몬드 결정.\n1단계의 빛 마법을 담을 수 있다."
"pc_drop_diamond2","다이아몬드 결정체","인공적인 힘을 가해 뭉쳐놓은 다이아몬드.\n2단계의 빛 마법을 담을 수 있다."
"pc_drop_diamond3","다이아몬드 조각","일반인이 최선을 다해 만든 다이아몬드.\n3단계의 빛 마법을 담을 수 있다."
"pc_drop_diamond4","다이아몬드 원석","장인이 영혼을 걸고 만든 다이아몬드.\n4단계의 빛 마법을 담을 수 있다."
"pc_drop_diamond5","다이아몬드 가공석","천사가 혼신을 다해 만든 다이아몬드.\n5단계의 빛 마법을 담을 수 있다."
"pc_drop_diamond6","다이아몬드 보석","대천사의 염원이 담겨진 다이아몬드.\n6단계의 빛 마법을 담을 수 있다."
"pc_drop_diamond7","다이아몬드 신성석","신의 가호를 받아 창조한 다이아몬드. 7단계의 빛 마법을 담을 수 있다."
"pc_drop_emerald1","에메랄드 결정","대자연의 염원이 담겨진 에메랄드 결정, 1단계의 독 마법을 담을 수 있다."
"pc_drop_emerald2","에메랄드 결정체","인공적인 힘을 가해 뭉쳐놓은 에메랄드.\n2단계의 독 마법을 담을 수 있다."
"pc_drop_emerald3","에메랄드 조각","일반인이 최선을 다해 만든 에메랄드.\n3단계의 독 마법을 담을 수 있다."
"pc_drop_emerald4","에메랄드 원석","장인이 영혼을 걸고 만든 에메랄드.\n4단계의 독 마법을 담을 수 있다."
"pc_drop_emerald5","에메랄드 가공석","천사가 혼신을 다해 만든 에메랄드.\n5단계의 독 마법을 담을 수 있다."
"pc_drop_emerald6","에메랄드 보석","대천사의 염원이 담겨진 에메랄드.\n6단계의 독 마법을 담을 수 있다."
"pc_drop_emerald7","에메랄드 신성석","신의 가호를 받아 창조한 에메랄드. 7단계의 독 마법을 담을 수 있다."
"pc_drop_onyx1","오닉스 결정","대자연의 염원이 담겨진 오닉스 결정.\n1단계의 저주 마법을 담을 수 있다."
"pc_drop_onyx2","오닉스 결정체","인공적인 힘을 가해 뭉쳐놓은 오닉스.\n2단계의 저주 마법을 담을 수 있다."
"pc_drop_onyx3","오닉스 조각","일반인이 최선을 다해 만든 오닉스.\n3단계의 저주 마법을 담을 수 있다."
"pc_drop_onyx4","오닉스 원석","장인이 영혼을 걸고 만든 오닉스.\n4단계의 저주 마법을 담을 수 있다."
"pc_drop_onyx5","오닉스 가공석","천사가 혼신을 다해 만든 오닉스.\n5단계의 저주 마법을 담을 수 있다."
"pc_drop_onyx6","오닉스 보석","대천사의 염원이 담겨진 오닉스.\n6단계의 저주 마법을 담을 수 있다."
"pc_drop_onyx7","오닉스 신성석","신의 가호를 받아 창조한 오닉스. 7단계의 저주 마법을 담을 수 있다."
"pc_drop_ruby1","루비 결정","대자연의 염원이 담겨진 루비 결정, 1단계의 불 마법을 담을 수 있다."
"pc_drop_ruby2","루비 결정체","인공적인 힘을 가해 뭉쳐놓은 루비, 2단계의 불 마법을 담을 수 있다."
"pc_drop_ruby3","루비 조각","일반인이 최선을 다해 만든 루비, 3단계의 불 마법을 담을 수 있다."
"pc_drop_ruby4","루비 원석","장인이 영혼을 걸고 만든 루비, 4단계의 불 마법을 담을 수 있다."
"pc_drop_ruby5","루비 가공석","천사가 혼신을 다해 만든 루비, 5단계의 불 마법을 담을 수 있다."
"pc_drop_ruby6","루비 보석","대천사의 염원이 담겨진 루비, 6단계의 불 마법을 담을 수 있다."
"pc_drop_ruby7","루비 신성석","신의 가호를 받아 창조한 루비. 7단계의 불 마법을 담을 수 있다."
"pc_drop_saphire1","사파이어 결정","대자연의 염원이 담겨진 사파이어 결정.\n1단계의 얼음 마법을 담을 수 있다."
"pc_drop_saphire2","사파이어 결정체","인공적인 힘을 가해 뭉쳐놓은 사파이어.\n2단계의 얼음 마법을 담을 수 있다."
"pc_drop_saphire3","사파이어 조각","일반인이 최선을 다해 만든 사파이어.\n3단계의 얼음 마법을 담을 수 있다."
"pc_drop_saphire4","사파이어 원석","장인이 영혼을 걸고 만든 사파이어.\n4단계의 얼음 마법을 담을 수 있다."
"pc_drop_saphire5","사파이어 가공석","천사가 혼신을 다해 만든 사파이어.\n5단계의 얼음 마법을 담을 수 있다."
"pc_drop_saphire6","사파이어 보석","대천사의 염원이 담겨진 사파이어.\n6단계의 얼음 마법을 담을 수 있다."
"pc_drop_saphire7","사파이어 신성석","신의 가호를 받아 창조한 사파이어. 7단계의 얼음 마법을 담을 수 있다."
"pc_drop_topaz1","토파즈 결정","대자연의 염원이 담겨진 토파즈 결정.\n1단계의 번개 마법을 담을 수 있다."
"pc_drop_topaz2","토파즈 결정체","인공적인 힘을 가해 뭉쳐놓은 토파즈.\n2단계의 번개 마법을 담을 수 있다."
"pc_drop_topaz3","토파즈 조각","일반인이 최선을 다해 만든 토파즈.\n3단계의 번개 마법을 담을 수 있다."
"pc_drop_topaz4","토파즈 원석","장인이 영혼을 걸고 만든 토파즈.\n4단계의 번개 마법을 담을 수 있다."
"pc_drop_topaz5","토파즈 가공석","천사가 혼신을 다해 만든 토파즈.\n5단계의 번개 마법을 담을 수 있다."
"pc_drop_topaz6","토파즈 보석","대천사의 염원이 담겨진 토파즈.\n6단계의 번개 마법을 담을 수 있다."
"pc_drop_topaz7","토파즈 신성석","신의 가호를 받아 창조한 토파즈. 7단계의 번개 마법을 담을 수 있다."
"pc_drop_bar_zink","아연 주괴","한 개의 아연 주괴"
"pc_drop_bar_brass","놋쇠 주괴","구리와 아연을 합쳐 만든 놋쇠 주괴"
"pc_drop_bar_copper","구리 주괴","한 개의 구리 주괴"
"pc_drop_bar_bronze","청동 주괴","구리와 주석을 합쳐 만든 청동 주괴"
"pc_drop_bar_gold","황금 주괴","한 개의 황금 주괴"
"pc_drop_bar_iron","철 주괴","한 개의 철 주괴"
"pc_drop_bar_silver","순은 주괴","한 개의 순은 주괴"
"pc_drop_bar_tin","주석 주괴","한 개의 주석 주괴"
"pc_drop_bar_steel","강철 주괴","철에 특별한 가공을 더해 만든 강철 주괴"
"pc_drop_flesh","살덩이","살덩이 한 뭉치"
"pc_drop_snake_scale","뱀 비늘","뱀에서 비늘이 벗겨졌다"
"pc_drop_worm_fang","벌레 송곳니","벌레로부터 송곳니가 발견되었다."
"pc_drop_tusk","엄니","멧돼지에게서 엄니가 발견되었다."
"pc_drop_resistant_leaves","저항성 나뭇잎","놀랍게도 질긴 잎사귀 몇장"
"pc_drop_strange_vegetal_matter","이상한 식물성 물질","아주 이상한 식물성 물질입니다."
"pc_drop_rare_leaf","진귀한 잎사귀","거의 볼 수 없는 약간 이상한 잎."
"pc_drop_blue_orb","푸른 구체","불가사리한 푸른 구체."
"pc_drop_dragon_scale","드래곤 비늘","극도로 적대적인 환경에서 발견된 드래곤의 비늘."
"pc_drop_ice","얼음","얼음 덩어리."
"pc_drop_wood","통나무","나무를 벌목하여 얻어낸 통나무."
"pc_drop_hellwood","지옥 통나무","지옥에서 발견된 나무를 벌목하여 얻어낸 통나무."
"pc_drop_bottle","병","연금술 실험에 사용하는 유리 병."
"pc_drop_flask","플라스크","연금술 실험에 사용하는 유리 플라스크."
"pc_drop_wisp_dust","위습 가루","이 가루는 위습의 잔재임이 판명되었다."
"pc_drop_skull","해골","해골의 머리뼈."
"pc_zombie_part","좀비 신체","더 이상 움직이지 않는 좀비표본에서 신체 조각을 회수했다."
"pc_drop_rock","바위","바위 덩어리."
"pc_drop_bone","뼈","한 개의 뼈"
"pc_drop_bamboo","대나무","대나무 한 마디."
"pc_drop_bat_wings","박쥐 날개","박쥐는 죽어서 날개를 남긴다."
"pc_drop_zombie_skin","좀비 피부","좀비의 살덩이, 남아있는게 얼마 없다."
"pc_drop_book","책","평범한 책이다."
"pc_drop_leather","가죽","야생동물은 죽어서 가죽을 남긴다."
"pc_drop_straw","밀짚","밀짚 한 쪼리."
"pc_drop_string","실","여러 기능을 갖는 실 한타래."
"pc_drop_wood_cherry","벚나무 둥치","체리 나무를 벌목하여 통나무로 만들었다."
"pc_drop_wood_forest","숲지대 통나무","숲속에 위치한 나무."
"pc_drop_mystic_wood","신비한 나무둥치","마법의 기운이 감도는 나무."
"pc_drop_sacred_feather","성스러운 깃털","하얗고 깨끗한 희귀한 깃털."
"pc_drop_chloridian_essence","엽록체 정수.","죽은 클로어리디언의 영적인 정수."
"pc_drop_paper","종이","간단한 필기가 가능한 종이 한장."
"pc_drop_parchment","양피지","기본적인 양피지."
"pc_drop_magic_scroll","마법 스크롤","마법의 힘을 내뿜는 두루마리."
"pc_drop_coal","석탄","석탄 몇 개가 광산으로 채광들었다."
"pc_drop_zinc","아연  광석","아연 몇 개가 광산에서 채광되었다."
"pc_drop_copper","구리 광석","구리 몇 개가 광산에서 채광되었다."
"pc_drop_gold","황금 광석","황금 몇 개가 광산에서 채광되었다."
"pc_drop_iron","철 광석","철 몇 개가 광산에서 채광되었다."
"pc_drop_silver","순은 광석","순은 몇 개가 광산에서 채광되었다."
"pc_drop_tin","주석 광석","주석 몇 개가 광산에서 채광되었다."
"pc_drop_small_wisp","작은 위습","광원을 방출하는 작은 위습."
"pc_drop_small_crystal","귀환 크리스탈","마을로 순간이동 합니다."
"pc_seeds_beet","사탕무 씨","당신이 사탕무를 기를 수 있는 씨."
"pc_seeds_cabbage","양배추 씨","당신이 양배추를 기를 수 있는 씨."
"pc_seeds_carrot","당근 씨","당신이 당근을 기를 수 있는 씨."
"pc_seeds_cauliflower","꽃양배추 씨","당신이 꽃양배추를 기를 수 있는 씨."
"pc_seeds_chili","고추 씨","당신이 고추를 기를 수 있는 씨."
"pc_seeds_corn","옥수수 씨","당신이 옥수수를 기를 수 있는 씨."
"pc_seeds_eggplant","가지 씨","당신이 가지를 기를 수 있는 씨."
"pc_seeds_leek","리크 씨","당신이 리크를 기를 수 있는 씨. 큰 부추같이 생긴  채소."
"pc_seeds_onion","양파 씨","당신이 양파를 기를 수 있는 씨,"
"pc_seeds_parsley","파슬리 씨","당신이 파슬리를 기를 수 있는 씨."
"pc_seeds_radish","무 씨","당신이 무를 기를 수 있는 씨."
"pc_seeds_rice","쌀 종자","당신이 쌀알을 기를수 있는 씨."
"pc_seeds_strawberry","딸기 씨","당신이 딸기를 기를 수 있는 씨."
"pc_seeds_tomato","토마토 씨","당신이 토마토를 기를 수 있는 씨."
"pc_seeds_watermellon","수박 씨","당신이 수박을 기를 수 있는 씨."
"pc_seeds_wheat","밀 씨","당신이 밀을 기를 수 있는 씨."
"pc_seeds_yellow_pepper","파프리카 씨","당신이 파프리카를 기를 수 있는 씨."
"pc_seeds_potato","감자씨","당신이 감자를 기를 수 있는 씨."
"pc_seeds_green_beans","풋강낭콩 씨","당신이 풋강낭콩을 기를 수 있는 씨."
"pc_seeds_pumpkin","호박 씨","당신이 호박을 기를 수 있는 씨."
"pc_seeds_tree","솔방울","소나무를 기르기 위한 솔방울 입니다. 유럽 스타일 소나무는 옆으로 안크고 키가 커요."
"pc_food_corn","옥수수","들판에서 열심히 일한 것에 대한 보상, 옥수수 입니다."
"pc_food_wheat","밀","밀은 당신이 요리를 하는데 무한대의 가지 수를 제공할 것입니다."
"pc_food_flour","전분","밀로 만든 이 밀가루는 많은 요리법에 매우 유용할 것이다."
"pc_food_bowl_of_cantonese_rice","광둥지방 밥그릇","전통적인 중국 요리법, 쌀은 당신의 미각을 기쁘게 할 것이다."
"pc_food_bowl_of_rice","밥그릇","밥 한 그릇, 간단하지만 영양이 풍부한 식사."
"pc_food_bowl_of_rice_with_curry","카레밥","카레라이스 한그릇."
"pc_food_burritos","브리또","맛잇는 브리또 한롤."
"pc_food_grilled_chicken","구운 닭고기","모닥불로 구워낸 맛있는 닭고기."
"pc_food_grilled_fish","구운 물고기","모닥불로 구워낸 맛있는 물고기."
"pc_food_grilled_meat","구운 고기","모닥불로 구워낸 맛있는 고기."
"pc_food_hamburger","햄버거","맛있는 햄버거."
"pc_food_maki","김밥","한국인의 입맛에 맞는 5색 재료를 이용해 만든 김밥."
"pc_food_onigiri","삼각김밥","이 주먹밥은 배가 고프지 않을 때 환영할 만한 간식이다."
"pc_food_pizza","피자","친구와의 파티에 빠질수 없는 이상적인 음식입니다."
"pc_food_sauerkraut","독일식 김치","양배추와 고기로 만든 특산품으로, 여러분은 더 이상 배가 고프지 않을 것입니다."
"pc_food_spaghetti","스파게티","그 식사는 요리하기 매우 간단하지만, 정말 영양이 풍부합니다."
"pc_food_surimis","맛살","작은 생선 막대기들은 여러분이 점심을 먹을 때 매우 유용합니다."
"pc_food_sushi","초밥","생선과 쌀로 만든 음식."
"pc_food_vegetable_soup","야채 수프","끓인다고 좋은 수프가 생기는게 아니다."
"pc_food_apple","사과","달콤하고 즙이 많은 사과"
"pc_food_banana","바나나","스포츠맨이 가장 좋아하는 음식 중 하나"
"pc_food_cherry","체리","맛있는 체리."
"pc_food_coconut","코코넛","신선한 코코넛은 맛있다."
"pc_food_grapes","포도","포도 한송이 먹어보시지."
"pc_food_heart_cherry","하트 체리","앵두의 일종, 심장모양의 버찌."
"pc_food_kiwi","키위","달달하게 맛있는 키위."
"pc_food_lemon","레몬","엄청 신 레몬."
"pc_food_mango","망고","향이 좋고 맛이 좋은 망고"
"pc_food_orange","오렌지","오렌지 한쪽."
"pc_food_pear","배","숙취에 좋은 배 한 개"
"pc_food_pineapple","파인애플","시고 맛있는 파인애플."
"pc_food_strawberry","딸기","달콤하고 즙이 많은 딸기"
"pc_food_watermelon","수박","A delicious watermelon."
"pc_food_Yj","와이제이","지역 주민들이 'Yj'라고 부르는 아주 독특한 과일입니다"
"pc_food_brain","뇌","좀비들이 좋아하는 식사!"
"pc_food_chicken","닭고기","그들을 잡으려면 뛰어야 할 거예요!"
"pc_food_fish","물고기","물고기 한 마리가 바다 밑의 가장 깊은 곳에서 잡혔다."
"pc_food_giblets","내장","죽은 야생동물로부터 생겨난 부산물."
"pc_food_heart","심장","손에서 두근거리는 느낌은 당신을 짜증나게 한다."
"pc_food_meat","고기","큼지막한 스테이크 한덩이"
"pc_food_dried_meat","건조 고기","말린 고기는 여행자들에게 가장 좋은 음식이다."
"pc_food_merguez","메르게즈","북아프리카의 양으로 만든 소시지, 마늘과 매운 양념이 많이 가미되엇다."
"pc_food_sausage","소시지","숯불위에 그릴을 얹고 구워 만든 소시지 입니다."
"pc_food_ham","햄","맛있는 햄입니다."
"pc_food_brussels_sprouts","브뤼셀 양배추","약간의 브뤼셀양배추, 기근의 경우에만 먹도록!"
"pc_food_parsley","파슬리","파슬리 한송이."
"pc_food_rice","쌀","쌀 한웅큼."
"pc_food_alga","해조류","몇몇 해조류는 몇 가지 조리법에 유용하다."
"pc_food_honey","꿀","벌통에 꿀이 모였다"
"pc_food_honeypot","꿀단지","항아리에 맛있는 꿀이 가득했다."
"pc_food_slime_part","슬라임 조각","슬라임 조각, 먹을 수 있을 것 같이 생겼다. 사과젤리맛…"
"pc_food_bread","빵","따듯한 빵의 냄새는 참을 수 없다."
"pc_food_bread_with_jam","잼식빵","맛있는 딸기 잼이 발린 식빵."
"pc_food_chocolate","초콜렛","초콜렛을 많이 먹으면 살이 찝니다. 영양소는 풍부합니다."
"pc_food_maple_syrup","메이플시럽","단풍수액으로 만든 시럽."
"pc_food_dango","단고","일본 특산품, 이 작은 공은 맛있는 간식입니다!"
"pc_food_egg","달걀","달걀 하나."
"pc_food_multifruit_juice","복합과일주","다양한 과일들로 구성된 주스, 비타민 많다!"
"pc_food_cheese","치즈","짭짤하고 부드러운 맛좋은 치즈"
"pc_food_jam","잼","잼이 있으니 빵만 있으면 돼"
"pc_food_berjnat","베르하스","실존하지 않는 과일, 가지처럼 보이지만, 가지는 아닙니다."
"pc_food_corlibo","브로콜리","오, 브로콜리! 음, 거의…"
"pc_food_tortillas","토르티야","달걀과 감자를 함께 기름에 튀긴 스페인 음식."
"pc_food_cup_of_coffee","커피컵","깨어있기에 좋은 커피 한 잔만한 것은 없다."
"pc_food_devl","데블","이상한 과일, 실존하지 않는 인게임 한정 과일."
"pc_food_eye","눈깔","눈깔은 많은 단백질을 포함하고 있다."
"pc_food_farnel","파넬","이상한 색깔의 외계인 딸기가 있는데 맛있어요. 실존하지 않는 과일"
"pc_food_ketchup","케챱","토마토로 만든 아주 인기 있는 소스."
"pc_food_kraknat","크라키아스","이 과일은 견과류 같다. 그것은 지역 사람들에 의해 '크라키아스'라고 불린다."
"pc_food_oblirak","오블리락","이것을 설명하는 방법이 없다. 맛조차도 설명 할 수 없다."
"pc_food_truffle_fusion","녹은 송로버섯","화산 환경에서 발견된 이상한 버섯"
"pc_food_turvet","터벳","순무처럼 보여요."
"pc_food_milk","우유","젖소에게서 갓 짜낸 신선한 우유"
"pc_food_cream","크림","맛있는 요리를 위한 크림 한 병."
"pc_food_sugar_cane","사탕수수","지구로 돌아가면, 사람들은 새해 기념일 동안 그것들을 먹습니다. 많이 먹으면 위험합니다!"
"pc_food_sugar","설탕","디저트는 모두 설탕 한 봉지!"
"pc_food_butter","버터","약간의 버터, 요리법의 무한함에 필요한 것!"
"pc_food_salt","소금","약간의 소금"
"pc_food_pepper","고추","약간의 고추"
"pc_food_curry","카레가루","이 카레로 밥맛을 높이세요!"
"pc_food_water","물","마실수 있는 물"
"pc_food_candy","사탕","너무 남용하지 마세요, 이 지구에는 치과의사가 없어요!"
"pc_food_caramel","카라멜","조심해, 이빨에 달라붙어!"
"pc_food_brioche","식빵","잘라먹을수 있는 통식빵"
"pc_food_chocolate_donut","초콜렛 도넛","경찰이 좋아하는 음식! 미국의 경찰은 순찰중에 도넛을 즐겨먹습니다."
"pc_food_strawberry_donut","딸기 도넛","경찰이 좋아하는 음식! 미국의 경찰은 순찰중에 도넛을 즐겨먹습니다."
"pc_food_chocolate_ice_cream","초콜릿 아이스크림","극도로 달콤한 초콜릿 아이스크림"
"pc_food_cookie","쿠키","거부할 수 없는 쿠키!"
"pc_food_croissant","크로아상","아침 식사 중에 핫초코를 곁들이는 맛있는 크로아상만큼 좋은 것은 없다."
"pc_food_cupcake","컵케이크","약간 색이 있는 케이크요, 맛있고 달콤해요."
"pc_food_eclair_au_chocolat","에클레어","크림을 넣고 위에는 보통 초콜릿을 씌운 길쭉한 케이크"
"pc_food_flan","플란","달걀, 치즈, 과일 등을 넣은 파이"
"pc_food_gingerbread","생강 쿠키","생강빵맨!"
"pc_food_macaroon","마카롱","작고 작은 마카롱. 별로 맛이 없는데… 맛있대요."
"pc_food_pancake","팬케이크","메이플 시럽을 뿌린 팬케이크, 그것은 기쁨입니다!"
"pc_food_pancake_deluxe","디럭스 팬케이크","메이플 시럽을 뿌린 특별 팬케이크, 그것은 기쁨입니다!"
"pc_food_parfait","파르페","식사를 마치고 먹는 후식"
"pc_food_pudding","푸딩","약간의 간식"
"pc_food_slime_ice_cream","슬라임 아이스크림","슬라임 맛이 난다…"
"pc_food_slime_jelly","슬라임 젤리","슬라임으로 만들어진 젤라틴 덩어리."
"pc_food_strawberry_cake","딸기 케이크","맛있는 딸기케이크 한조각"
"pc_food_clam","조개","큰 조개."
"pc_food_crab","꽃게","꽃게, 집게를 조심하세요!"
"pc_food_shrimp","새우","갓 잡은 새우."
"pc_food_almond","아몬드","고소한 아몬드"
"pc_food_cocoa","코코아","코코아 씨앗이 들어 있는 코코아 주머니."
"pc_food_hazel","헤이즐넛","커피에 넣어먹으면 맛있는 헤이즐넛."
"pc_food_red_bean","강낭콩","맛있는 강낭콩"
"pc_food_walnut","호두","호두과자처럼 생겼지만 씹으면 안됩니다. 망치로 깨고 속알맹이를 드세요."
"pc_food_coffee_seed","커피 씨","좋은 커피를 준비하는데 필수적이다."
"pc_food_artichoke","아티초크","국하과 식물, 엉겅퀴 꽃같이 생긴 꽃봉오리의 속대를 식용함."
"pc_food_avocado","아보카도","아보카도, 그냥 먹으면 느끼합니다."
"pc_food_beet","사탕무우","샐러드로 먹는 사탕무."
"pc_food_carrot","당근 씨","토끼가 좋아하는 당근, 토끼는 어디에."
"pc_food_cauliflower","꽃양배추","꽃양배추 하나."
"pc_food_chili_pepper","칠리 고추","이 고추양념으로 당신의 요리를 맵게 하세요!"
"pc_food_eggplant","가지","맛있는 가지."
"pc_food_green_bean","풋강낭콩","맛있는 풋강낭콩"
"pc_food_leek","리크","리크, 부추의 일종."
"pc_food_cabbage","양배추","양배추 한포기."
"pc_food_lettuce","상추.","균형 잡힌 식사를 위해서는 상추를 조금 먹으세요!"
"pc_food_onion","양파","당신의 요리의 소중한 양념 양파요."
"pc_food_pea","완두콩","몇 개의 완벽한 완두콩"
"pc_food_potato","감자","감자 하나."
"pc_food_pumpkin","호박","지구에서 우리는 일년에 한번, 축하하는 의미로 호박을 비워내는 작업을 해요."
"pc_food_radish","순무","딱딱하지만 달달한 순무"
"pc_food_tomato","토마토","즙이 많은 토마토"
"pc_food_yellow_pepper","파프리카","노란 파프리카로 새로운 조리법 만들어 보세요!"
"pc_food_zucchini","주키니","맛있는 주키니."
"pc_caveplant_glow_flower","동굴의 꽃","동굴에서 피어오르는 꽃."
"pc_arctic_flower","북극 꽃","이것의 강인함은 가장 강한 추위에도 살아남게 해준다."
"pc_cutting_flower","칼날 꽃","꽃잎이 뾰족한 꽃. 조심해!"
"pc_ice_flower","얼음 꽃","추운 곳에서만 자라는 꽃."
"pc_ice_lotus_flower","얼음 연꽃","빙하에서만 자라는 장엄한 연꽃."
"pc_winter_flower","겨울 꽃","겨울에만 자라는 꽃."
"pc_bloody_cupola_flower","블러디 큐폴라","밤의 생물들이 흘린 피가 키워낸, 핏빛 꽃잎이 있는 꽃."
"pc_blue_flower","파란 꽃","청량한 파란 꽃."
"pc_brain_flower","뇌 꽃","이 꽃은 전반적인 무늬가 뇌처럼 보인다."
"pc_butterfly_flower","나비 꽃","이 꽃은 아름다운 나비처럼 보인다."
"pc_buttons_flower","단추 꽃","이 꽃의 은은한 향기를 맡으면, 여러분은 갑자기 더 건강해진다는 것을 느낍니다."
"pc_caly_flower","칼리플라워","촉매제로 사용되는 작은 꽃."
"pc_green_flower","초록 꽃","아름다운 초록 꽃."
"pc_gum_flower","츄잉검 꽃","츄잉검 처럼 보이는 꽃."
"pc_heart_flower","하트 꽃","하트모양으로 피어난 꽃."
"pc_lily_of_the_valley_flower","계곡의 릴리","봄의 상징으로 피어난 꽃."
"pc_orange_flower","귤색 꽃","상큼한 귤색 꽃."
"pc_orange_tulip_flower","귤색 튤립","상큼한 귤색 튤립."
"pc_phenix_flower","피닉스 꽃","그것의 모양은 유명한 신화적인 생물체를 연상시킨다."
"pc_purple_flower","보라 꽃","유혹적인 보라 꽃."
"pc_rainbow_flower","무지개 꽃","꽃잎이 화려한 무지개를 형성하는 꽃."
"pc_red_flower","빨간 꽃","매혹적인 빨간 꽃."
"pc_shuriken_flower","표창 꽃","그것의 모양은 그림자 전사들 사이에서 매우 흔한 무기를 연상시킨다."
"pc_smiley_flower","웃음 꽃","꽃잎이 미소 짓는 꽃."
"pc_sun_lotus_flower","태양 연꽃","멋진 연꽃."
"pc_tri_flower","삼각 꽃","꽃잎이 삼각형인 꽃, 포션 재료."
"pc_violet_flower","바이올렛","아름답게 피어난 바이올렛 한송이"
"pc_yellow_flower","노란 꽃","청순한 노란 꽃"
"pc_yellow_tulip_flower","노란 튤립","청순한 노란 튤립"
"pc_mush_big_blue","큰 파란 버섯","커다란 푸른색 버섯."
"pc_mush_little_blue","작은 파란 버섯","작은 파란색 버섯."
"pc_mush_big_blueglowing","큰 빛나는 파란 버섯","커다란 파란색의 빛나는 버섯."
"pc_mush_little_blueglowing","작은 빛나는 파란 버섯","작은 파란색의 빛나는 버섯."
"pc_mush_big_green","큰 초록 버섯","커다란 초록색 버섯."
"pc_mush_little_green","작은 초록 버섯","작은 초록색 버섯."
"pc_mush_big_greenglowing","큰 빛나는 초록 버섯","커다란 초록색의 빛나는 버섯."
"pc_mush_little_greenglowing","작은 빛나는 초록 버섯","작은 초록색의 빛나는 버섯."
"pc_mush_big_red","큰 빨강 버섯","커다란 빨강색 버섯."
"pc_mush_little_red","작은 빨강 버섯","작은 빨강색 버섯."
"pc_mush_big_orange","큰 빛나는 빨강 버섯","커다란 빨강색의 빛나는 버섯."
"pc_mush_little_orange","작은 빛나는 빨강 버섯","작은 빨강색의 빛나는 버섯."
"pc_mush_orange","귤색 버섯","귤색의 버섯."
"pc_mush_boletus","귤색 버섯","귤색의 버섯."
"pc_mush_orange_boletus","귤색 버섯","귤색의 버섯."
"pc_mush_morel","곰보버섯","곰보버섯, 먹을수 있는 버섯. 인게임에서 먹을수 없다."
"pc_mush_ice","얼음 버섯","얼음 버섯."
"pc_mush_gold","황금 버섯","황금빛 버섯."
"pc_mush_jelly","젤리 버섯","젤라틴 질감을 가진 버섯."
"pc_mush_lava","용암 버섯","용암 근처에서 자라는 버섯."
"pc_mush_chanterelle","살구버섯","식용버섯의 일종, 살구 버섯. 인게임에서 먹을수 없다."
"pc_mush_blue_chanterelle","파란 살구버섯","파란 살구버섯."
"pc_mush_copper","구리 버섯","구릿빛깔의 버섯"
"pc_mush_long","키가 큰 버섯","늘어진 버섯."
"pc_mush_trumpet_of_death","죽음의 트럼펫","지옥에서 발견한 버섯, 먹을 수 없다."
"pc_chest_wood","나무 상자","단순하게 만들어진 나무 상자."
"pc_chest_iron","철 상자","튼튼한 철 상자."
"pc_chest_silver","은 상자","멋진 은상자!"
"pc_chest_gold","황금 상자","오직 가장 위대한 보물들만이 이 단단한 금 상자 안에 있을 수 있다."
"pc_chest_mimic","미믹상자","상자의 움직임을 본 것 같아요. 몬스터일수도…"
,,
"pc_drop_bar_zinc","아연 주괴","아연 주괴"
"pc_drop_butterfly_gem","나비 보석","나비 보석"
"pc_drop_creep_blood","크립 피 플라스크","크립 피 플라스크."
"pc_drop_easter_egg","이상한 달걀","카리스마 +15, 몬스터가 당신에게 쉽게 반한다."
"pc_drop_lava_heart","용암 심장","용암 심장, 지옥의 몬스터를 잡으면 나온다. 조합재료."
"pc_drop_life_gem1","생명석(소)","생명력 보석 Level 1."
"pc_drop_life_gem2","생명석(중)","생명력 보석 Level 2."
"pc_drop_life_gem3","생명석(대)","생명력 보석 Level 3."
"pc_drop_ring_bronze","청동 반지","청동 반지."
"pc_drop_ring_copper","구리 반지","구리 반지."
"pc_drop_ring_gold","황금 반지","황금 반지."
"pc_drop_ring_iron","철 반지","철 반지."
"pc_drop_ring_silver","순은 반지","순은 반지."
"pc_drop_ring_steel","강철 반지","강철 반지."
"pc_drop_ring_tin","주석 반지","주석 반지."
"pc_drop_royalstone","왕의 돌","왕의 돌."
"pc_drop_scorpion_tail","전갈 꼬리","전갈 꼬리."
"pc_drop_soul_necklace","영혼 목걸이","영혼 목걸이."
"pc_drop_icarus_necklace","이카로스 목걸이","이카로스 목걸이."
"pc_drop_stamina_gem1","스태미나석(소)","스태미나 보석 Level 1."
"pc_drop_stamina_gem2","스태미나석(중)","스태미나 보석 Level 2."
"pc_drop_stamina_gem3","스태미나석(대)","스태미나 보석 Level 3."
"pc_drop_sulfur","황","취급주의, 폭탄의 재료."
"pc_drop_wood_mystic","신비한 목재","신비한 목재."
,,
"pc_food_amond","아몬드","아몬드."
"pc_food_haricot_vert","녹색의 까치콩","녹색의 까치콩."
"pc_food_slime_icecream","슬라임 아이스크림","슬라임 아이스크림"
"pc_food_zombie_meat","좀비 고기","좀비 고기, 좀비가 된다."
,,
"pc_sword_phenix","피닉스 검","피닉스의 영혼을 담고 있다."
,,
"pc_drop_fire_orb","화염 구체","화염 구체."
"pc_chest_fire","화염 상자","화염 상자."
,,
"pc_companion_orb_necro","네크로맨서 구체","장비할 수 있는 동반자 구체\n적을 쏴죽일수 있다."
"pc_grenade_banana_bomb","바나나 폭탄","주의! 강력한 폭발력. 지형을 파괴하고 몬스터에게 데미지를 준다."
"pc_grenade_base","대형 폭탄","대형 폭탄. 지형을 파괴하고 몬스터에게 데미지를 준다."
"pc_grenade_base_small","소형 폭탄","소형 폭탄. 지형을 파괴하고 몬스터에게 데미지를 준다."
,,
"pc_slime_ball","슬라임 공","슬라임 공."
"pc_wisp_ball","위습 공","위습 공."
"pc_zombi_ball","좀비 공","좀비 공."
"pc_bouncing_ball","튀는 공","튀는 공."
"pc_antigravity_ball","부양 공","주의! 공이 하늘로 올라갑니다."
"pc_lightweight_ball","경량화 공","경량화 공."
"pc_gold_ball","황금 공","황금 공."
"pc_cannonball","캐논 공","캐논 공."
,,
"pc_catch_gem","영혼석 lv1","몬스터의 영혼을 사로잡는 도구."
"pc_catch_gem2","영혼석 lv2","몬스터의 영혼을 사로잡는 도구."
"pc_catch_gem3","영혼석 lv3","몬스터의 영혼을 사로잡는 도구."
"pc_catch_gem4","영혼석 lv4","몬스터의 영혼을 사로잡는 도구."
"pc_catch_gem5","영혼석 lv5","몬스터의 영혼을 사로잡는 도구."
"pc_catch_gem6","영혼석 lv6","몬스터의 영혼을 사로잡는 도구."
"pc_catch_gem7","영혼석 lv7","몬스터의 영혼을 사로잡는 도구."
"pc_catch_gem8","영혼석 lv8","몬스터의 영혼을 사로잡는 도구."
"pc_catch_gem9","영혼석 lv9","몬스터의 영혼을 사로잡는 도구."
,,
"pc_armor_devourer_mask","마스크","디바우러 마스크."
"pc_armor_ghost_mask","마스크","유령 마스크."
,,
,,
"pc_drop_cactus_part","선인장 조각","선인장 한 조각."
"pc_brick_cactus1","선인장 블록","선인장 한 블록."
"pc_cactus_door","선인장 문","선인장 문."
"pc_cactus_table","선인장 식탁","선인장 식탁"
"pc_cactus_chair1","간단한 선인장 의자","간단하게 만든 선인장 의자."
"pc_cactus_armchair1","정교한 선인장 의자","더 정교한 선인장 의자."
"pc_cactus_armchair2","간단한 선인장 팔걸이 의자","간단하게 만든 선인장 팔걸이 의자"
"pc_cactus_armchair3","끈적끈적한 선인장 팔걸이의자","앉으면 끈적끈적합니다. 끈적끈적한 선인장 팔걸이의자니까요."
"pc_cactus_wardrobe1","선인장 옷장","가시에 옷을 걸어보세요. 편안합니다. 선인장 옷장."
"pc_cactus_wardrobe2","큰 선인장 옷장","큰 선인장 옷장."
"pc_cactus_lamp1","선인장 램프","선인장 꽃으로 만든 램프."
"pc_cactus_chandelier1","선인장 샹들리에","선인장 꽃으로 만든 샹들리에."
"pc_cactus_bed1","선인장 침대","따끔한 선인장 침대."
"pc_cactus_sofa1","선인장 소파","지압을 해주는 선인장 소파."
"pc_cactus_craft_table","선인장 작업대","선인장 가구를 만들 수 있는 작업대."
,,
"pc_block_hellrock1","지옥석","지옥을 감싸는 블록."
,,
"pc_brick_castle1","성벽 벽돌","성벽 벽돌."
,,
"pc_brick_castle2","성벽 벽돌","성벽 벽돌."
"pc_brick_castle3","성벽 벽돌","성벽 벽돌."
"pc_brick_castle4","성벽 벽돌","성벽 벽돌."
,,
"pc_brick_clay1","점토 벽돌","점토 벽돌."
"pc_brick_clay2","점토 벽돌","점토 벽돌."
"pc_brick_clay3","점토 벽돌","점토 벽돌."
"pc_brick_clay4","점토 벽돌","점토 벽돌."
,,
"pc_brick_ice","얼음 벽돌","얼음 벽돌."
"pc_block_ice","얼음 블록","얼음 블록."
"pc_block_ice2","얼음 블록","얼음 블록."
"pc_block_ice3","얼음 블록","얼음 블록."
,,
"pc_brick_prison1","독 벽돌","독으로 만든 벽돌."
"pc_brick_prison2","독 벽돌","독으로 만든 벽돌."
,,
"pc_brick_sand1","모래 벽돌","모래 벽돌."
"pc_brick_sand2","모래 벽돌","모래 벽돌."
"pc_brick_sand3","모래 벽돌","모래 벽돌."
"pc_brick_sand4","모래 벽돌","모래 벽돌."
,,
"pc_block_slime","슬라임 블록","슬라임 블록."
"pc_block_slime2","슬라임 블록","슬라임 블록."
"pc_block_slime3","슬라임 블록","슬라임 블록."
"pc_block_slime4","슬라임 블록","슬라임 블록."
,,
,,
"pc_block_board_1","나무 패널","나무 패널."
"pc_block_board_2","나무 패널","나무 패널."
"pc_block_board_3","나무 패널","나무 패널."
"pc_block_wood_pillar","나무 기둥","나무로 만든 기둥."
"pc_block_roof","나무 지붕 타일","나무로 만든 지붕."
"pc_block_straw_roof","짚 지붕 타일","짚으로 만든 지붕."
,,
"pc_block_dirt","흙","흙 블록."
"pc_block_sand","모래","모래 블록."
"pc_block_snow","눈","눈 블록."
"pc_block_ash","재","재 블록."
"pc_block_flesh1","살덩이 블록","살덩이 블록."
"pc_block_flesh2","살덩이 블록","살덩이 블록."
"pc_block_flesh3","살덩이 블록","살덩이 블록."
"pc_block_flesh4","살덩이 블록","살덩이 블록."
"pc_block_flesh5","살덩이 블록","살덩이 블록."
"pc_block_flesh6","살덩이 블록","살덩이 블록."
"pc_block_flesh7","살덩이 블록","살덩이 블록."
"pc_block_flesh8","살덩이 블록","살덩이 블록."
,,
"pc_block_cross_grid_1","나무 격자 블록","나무 격자 블록."
"pc_block_cross_grid_metal","금속 격자 블록","금속 격자 블록."
"pc_block_wood_fence1","나무 울타리","나무 울타리 블록."
"pc_block_wood_fence2","나무 울타리","나무 울타리 블록."
"pc_block_rock1","바위 블록","바위 블록."
"pc_block_glass","유리 블록","빛이 통과할 수 있는 유리 블록."
"pc_block_window","유리창 블록","빛이 통과할 수 있는 유리창 블록."
,,
"pc_block_aztec_1","아즈텍 바위","아즈텍 바위."
"pc_block_aztec_2","아즈텍 보","아즈텍 보."
"pc_block_aztec_3","아즈텍 기둥 상단","아즈텍 기둥 상단."
"pc_block_aztec_4","아즈텍 기둥 중단","아즈텍 기둥 중단."
"pc_block_aztec_5","아즈텍 기둥 하단","아즈텍 기둥 하단."
"pc_block_aztec_6","아즈텍 장식 블록","아즈텍 장식 블록."
"pc_block_aztec_7","아즈텍 석재 블록","아즈텍 석재 블록."
"pc_block_aztec_8","아즈텍 석재 블록","아즈텍 석재 블록."
,,
"pc_block_crimson_1","진홍색 타일","진홍색 타일."
"pc_block_crimson_2","진홍색 지붕 타일","진홍색 지붕 타일."
"pc_block_crimson_3","진홍색 보석 블록","진홍색 보석 블록."
"pc_block_crimson_4","진홍색 채색 블록","진홍색 채색 블록."
"pc_block_crimson_5","진홍색 타일","진홍색 타일."
"pc_block_crimson_6","진홍색 녹슨 패널","진홍색 녹슨 패널."
"pc_block_crimson_7","진홍색 녹슨 패널","진홍색 녹슨 패널."
"pc_block_crimson_8","진홍색 벽 블록","진홍색 벽 블록."
"pc_block_crimson_9","진홍색 기둥","진홍색 기둥."
"pc_block_crimson_10","진홍색 스파이크","진홍색 스파이크."
,,
"pc_block_futuresteel_3","미래의 강철 태양 타일","미래의 강철 태양 타일."
"pc_block_futuresteel_5","미래의 강철 플랫폼","미래의 강철 플랫폼."
"pc_block_futuresteel_7","미래의 강철 코일","미래의 강철 코일."
"pc_block_futuresteel_8","미래의 강철 에너지 블록","미래의 강철 에너지 블록."
"pc_block_futuresteel_9","미래의 강철 글라스 패널","미래의 강철 글라스 패널."
"pc_block_futuresteel_10","미래의 강철 CPU","미래의 강철 CPU."
"pc_block_futuresteel_11","미래의 강철 에너지 패널","미래의 강철 에너지 패널."
"pc_block_futuresteel_12","미래의 강철 데이터 기둥","미래의 강철 데이터 기둥."
"pc_block_futuresteel_13","미래의 강판 슬래브","미래의 강판 슬래브."
"pc_block_futuresteel_14","미래의 강철 회로","미래의 강철 회로."
"pc_block_futuresteel_15","미래의 강철 네온 블록","미래의 강철 네온 블록."
"pc_block_futuresteel_16","미래의 강철 에너지 슬래브","미래의 강철 에너지 슬래브."
"pc_block_futuresteel_17","미래의 강철 에너지 필러","미래의 강철 에너지 필러."
"pc_block_futuresteel_18","미래의 강철 패널","미래의 강철 패널."
"pc_block_futuresteel_19","미래의 강철 타일","미래의 강철 타일."
"pc_block_futuresteel_20","미래의 강철 파이프","미래의 강철 파이프."
"pc_block_futuresteel_21","미래의 강철 지붕 타일","미래의 강철 지붕 타일."
"pc_block_futuresteel_22","미래의 강철 지붕 갑옷","미래의 강철 지붕 갑옷."
"pc_block_futuresteel_23","미래의 철망","미래의 철망."
"pc_block_futuresteel_24","미래의 강철 데이터 슬래브","미래의 강철 데이터 슬래브."
,,
"pc_block_military_1","군용 블록","군용 블록."
"pc_block_military_2","군용 구역 블록","군용 구역 블록."
"pc_block_military_3","군용 벽돌","군용 벽돌."
"pc_block_military_4","군용 타일","군용 타일."
"pc_block_military_5","군용 호일","군용 호일."
"pc_block_military_6","군용 기와","군용 기와."
"pc_block_military_7","군용 철조망","군용 철조망."
"pc_block_military_8","군용 빔","군용 빔."
"pc_block_military_9","군용 안내 타일","군용 안내 타일."
"pc_block_military_10","군용 시멘트 블록","군용 시멘트 블록."
"pc_block_military_11","군용 시멘트 타일","군용 시멘트 타일."
"pc_block_military_12","군용 강화 블록","군용 강화 블록."
,,
"pc_block_modern_1","모던 그린 타일","모던 그린 타일."
"pc_block_modern_2","모던 빨간색 패널","모던 빨간색 패널."
"pc_block_modern_3","모던 콘크리트 블록","모던 콘크리트 블록."
"pc_block_modern_4","모던 유리 패널","모던 유리 패널."
"pc_block_modern_5","모던 지붕 기와","모던 지붕 기와."
"pc_block_modern_6","모던 점토 벽돌","모던 점토 벽돌."
"pc_block_modern_7","모던 슬래브","모던 슬래브."
"pc_block_modern_8","현대 시멘트 벽돌","현대 시멘트 벽돌."
"pc_block_modern_9","현대 시멘트 블록","현대 시멘트 블록."
"pc_block_modern_10","현대 목재 타일","현대 목재 타일."
,,
"pc_block_obsidian_1","흑요석 기둥","흑요석 기둥."
"pc_block_obsidian_2","흑요석 황금 슬래브","흑요석 황금 슬래브."
"pc_block_obsidian_3","흑요석 눈금 블록","흑요석 눈금 블록."
"pc_block_obsidian_4","흑요석 프리즘 블록","흑요석 프리즘 블록."
"pc_block_obsidian_5","흑요석 벽돌","흑요석 벽돌."
"pc_block_obsidian_6","흑요석 타일","흑요석 타일."
"pc_block_obsidian_7","흑요석 웨이브 블록","흑요석 웨이브 블록."
"pc_block_obsidian_8","흑요석 장식 블록","흑요석 장식 블록."
"pc_block_obsidian_9","흑요석 화염 블록","흑요석 화염 블록."
"pc_block_obsidian_10","흑요석 황금 보","흑요석 황금 보."
"pc_block_obsidian_11","흑요석 기둥","흑요석 기둥."
,,
"pc_block_pirate_1","해적 벽","해적 벽."
"pc_block_pirate_2","해적 바닥","해적 바닥."
"pc_block_pirate_3","해적 마스트","해적 마스트."
"pc_block_pirate_4","해적 포틀","해적 포틀."
"pc_block_pirate_5","해적 나무 기와","해적 나무 기와."
"pc_block_pirate_6","해적 보","해적 보."
"pc_block_pirate_7","해적 마스트 베이스","해적 마스트 베이스."
,,
"pc_block_roman_1","로마 목판","로마 목판"
"pc_block_roman_2","로마 진흙 타일","로마 진흙 타일"
"pc_block_roman_3","로마 화려한 대리석","로마 화려한 대리석"
"pc_block_roman_4","로마 화강암","로마 화강암"
"pc_block_roman_5","로마 타일","로마 타일"
"pc_block_roman_6","로마 황금 벽돌","로마 황금 벽돌"
"pc_block_roman_7","로마 점토 벽돌","로마 점토 벽돌"
"pc_block_roman_8","로마 벽돌","로마 벽돌"
"pc_block_roman_9","로마 화려한 벽돌","로마 화려한 벽돌"
"pc_block_roman_10","로마 금주탑","로마 금주탑"
"pc_block_roman_11","로마 주석탑","로마 주석탑"
"pc_block_roman_12","로마 시대의 화려한 기둥","로마 시대의 화려한 기둥"
"pc_block_roman_13","로마 기둥","로마 기둥"
"pc_block_roman_14","로마의 황금 기둥 베이스","로마의 황금 기둥 베이스"
"pc_block_roman_15","로마 기둥 베이스","로마 기둥 베이스"
"pc_block_stone_pillar","로마 돌로 만든 기둥","로마 돌로 만든 기둥"
,,
"pc_block_royal_1","왕립 상아 벽돌","왕립 상아 벽돌"
"pc_block_royal_2","왕가 기와","왕가 기와"
"pc_block_royal_3","왕실 태피스트리","왕실 태피스트리"
"pc_block_royal_4","왕실 실크 커튼","왕실 실크 커튼"
"pc_block_royal_5","왕실 대리석 타일","왕실 대리석 타일"
"pc_block_royal_6","왕실 돌 타일","왕실 돌 타일"
"pc_block_royal_7","왕립 석판","왕립 석판"
"pc_block_royal_8","왕실 금 벽돌","왕실 금 벽돌"
"pc_block_royal_9","왕립","왕립"
"pc_block_royal_10","왕립 벽돌","왕립 벽돌"
,,
"pc_block_spacecowboy_1","스페이스 세룬 환기구","스페이스 세룬 환기구"
"pc_block_spacecowboy_2","스페이스 세룬 파이프","스페이스 세룬 파이프"
"pc_block_spacecowboy_3","스페이스 세단 그리드","스페이스 세단 그리드"
"pc_block_spacecowboy_4","스페이스 살롱 유리 블록","스페이스 살롱 유리 블록"
"pc_block_spacecowboy_5","스페이스 세단 타일","스페이스 세단 타일"
"pc_block_spacecowboy_6","스페이스 세룬 블록","스페이스 세룬 블록"
"pc_block_spacecowboy_7","스페이스 살롱 슬래브","스페이스 살롱 슬래브"
"pc_block_spacecowboy_8","스페이스 세단 타일","스페이스 세단 타일"
"pc_block_spacecowboy_9","스페이스 세단 지붕 타일","스페이스 세단 지붕 타일"
,,
"pc_block_steampunk_1","스팀펑크 블록","스팀펑크 블록"
"pc_block_steampunk_2","스팀펑크 루프 타일","스팀펑크 루프 타일"
"pc_block_steampunk_3","스팀펑크 가드레일","스팀펑크 가드레일"
"pc_block_steampunk_4","스팀펑크 패딩 타일","스팀펑크 패딩 타일"
"pc_block_steampunk_5","스팀펑크 슬래브","스팀펑크 슬래브"
"pc_block_steampunk_6","스팀펑크 타일","스팀펑크 타일"
,,
"pc_block_stoneage_1","석기암","석기암"
"pc_block_stoneage_2","석기 잎","석기 잎"
"pc_block_stoneage_3","석기 슬래브","석기 슬래브"
"pc_block_stoneage_4","석기 석, 자갈","석기 석, 자갈"
"pc_block_stoneage_5","석기 석, 돌멩이","석기 석, 돌멩이"
"pc_block_stoneage_6","석기 블록","석기 블록"
,,
"pc_rune_agility1","민첩 룬","방어구:회피율 증가\n무기: 극대화 시 추가 피해"
"pc_rune_agility2","민첩 룬","방어구:회피율 증가\n무기: 극대화 시 추가 피해"
"pc_rune_agility3","민첩 룬","방어구:회피율 증가\n무기: 극대화 시 추가 피해"
"pc_rune_agility4","민첩 룬","방어구:회피율 증가\n무기: 극대화 시 추가 피해"
"pc_rune_agility5","민첩 룬","방어구:회피율 증가\n무기: 극대화 시 추가 피해"
"pc_rune_agility6","민첩 룬","방어구:회피율 증가\n무기: 극대화 시 추가 피해"
"pc_rune_agility7","민첩 룬","방어구:회피율 증가\n무기: 극대화 시 추가 피해"
"pc_rune_burn1","발화 룬","방어구:화상 저항\n무기: 화상 부여"
"pc_rune_burn2","발화 룬","방어구:화상 저항\n무기: 화상 부여"
"pc_rune_burn3","발화 룬","방어구:화상 저항\n무기: 화상 부여"
"pc_rune_burn4","발화 룬","방어구:화상 저항\n무기: 화상 부여"
"pc_rune_burn5","발화 룬","방어구:화상 저항\n무기: 화상 부여"
"pc_rune_burn6","발화 룬","방어구:화상 저항\n무기: 화상 부여"
"pc_rune_burn7","발화 룬","방어구:화상 저항\n무기: 화상 부여"
"pc_rune_chicken1","치킨 룬","방어구:피격시 일정 확률로 닭 소환\n무기: 공격시 일정 확률로 닭 소환"
"pc_rune_chicken2","치킨 룬","방어구:피격시 일정 확률로 닭 소환\n무기: 공격시 일정 확률로 닭 소환"
"pc_rune_chicken3","치킨 룬","방어구:피격시 일정 확률로 닭 소환\n무기: 공격시 일정 확률로 닭 소환"
"pc_rune_chicken4","치킨 룬","방어구:피격시 일정 확률로 닭 소환\n무기: 공격시 일정 확률로 닭 소환"
"pc_rune_chicken5","치킨 룬","방어구:피격시 일정 확률로 닭 소환\n무기: 공격시 일정 확률로 닭 소환"
"pc_rune_chicken6","치킨 룬","방어구:피격시 일정 확률로 닭 소환\n무기: 공격시 일정 확률로 닭 소환"
"pc_rune_chicken7","치킨 룬","방어구:피격시 일정 확률로 닭 소환\n무기: 공격시 일정 확률로 닭 소환"
"pc_rune_critical1","치명 룬","방어구:극대화 공격을 받지 않음\n무기: 극대화율 증가"
"pc_rune_critical2","치명 룬","방어구:극대화 공격을 받지 않음\n무기: 극대화율 증가"
"pc_rune_critical3","치명 룬","방어구:극대화 공격을 받지 않음\n무기: 극대화율 증가"
"pc_rune_critical4","치명 룬","방어구:극대화 공격을 받지 않음\n무기: 극대화율 증가"
"pc_rune_critical5","치명 룬","방어구:극대화 공격을 받지 않음\n무기: 극대화율 증가"
"pc_rune_critical6","치명 룬","방어구:극대화 공격을 받지 않음\n무기: 극대화율 증가"
"pc_rune_critical7","치명 룬","방어구:극대화 공격을 받지 않음\n무기: 극대화율 증가"
"pc_rune_cut1","절단 룬","방어구:베기 저항\n무기: 베기 피해량 증가"
"pc_rune_cut2","절단 룬","방어구:베기 저항\n무기: 베기 피해량 증가"
"pc_rune_cut3","절단 룬","방어구:베기 저항\n무기: 베기 피해량 증가"
"pc_rune_cut4","절단 룬","방어구:베기 저항\n무기: 베기 피해량 증가"
"pc_rune_cut5","절단 룬","방어구:베기 저항\n무기: 베기 피해량 증가"
"pc_rune_cut6","절단 룬","방어구:베기 저항\n무기: 베기 피해량 증가"
"pc_rune_cut7","절단 룬","방어구:베기 저항\n무기: 베기 피해량 증가"
"pc_rune_elemental1","속성 룬","방어구:속성 공격 피해량 감소\n무기: 속성 공격 피해 증가"
"pc_rune_elemental2","속성 룬","방어구:속성 공격 피해량 감소\n무기: 속성 공격 피해 증가"
"pc_rune_elemental3","속성 룬","방어구:속성 공격 피해량 감소\n무기: 속성 공격 피해 증가"
"pc_rune_elemental4","속성 룬","방어구:속성 공격 피해량 감소\n무기: 속성 공격 피해 증가"
"pc_rune_elemental5","속성 룬","방어구:속성 공격 피해량 감소\n무기: 속성 공격 피해 증가"
"pc_rune_elemental6","속성 룬","방어구:속성 공격 피해량 감소\n무기: 속성 공격 피해 증가"
"pc_rune_elemental7","속성 룬","방어구:속성 공격 피해량 감소\n무기: 속성 공격 피해 증가"
"pc_rune_fire1","화염 룬","방어구:불속성 피해량 감소\n무기: 불속성 피해 증가"
"pc_rune_fire2","화염 룬","방어구:불속성 피해량 감소\n무기: 불속성 피해 증가"
"pc_rune_fire3","화염 룬","방어구:불속성 피해량 감소\n무기: 불속성 피해 증가"
"pc_rune_fire4","화염 룬","방어구:불속성 피해량 감소\n무기: 불속성 피해 증가"
"pc_rune_fire5","화염 룬","방어구:불속성 피해량 감소\n무기: 불속성 피해 증가"
"pc_rune_fire6","화염 룬","방어구:불속성 피해량 감소\n무기: 불속성 피해 증가"
"pc_rune_fire7","화염 룬","방어구:불속성 피해량 감소\n무기: 불속성 피해 증가"
"pc_rune_haste1","속도 룬","방어구: 신속 상태\n무기: 둔화 부여"
"pc_rune_haste2","속도 룬","방어구: 신속 상태\n무기: 둔화 부여"
"pc_rune_haste3","속도 룬","방어구: 신속 상태\n무기: 둔화 부여"
"pc_rune_haste4","속도 룬","방어구: 신속 상태\n무기: 둔화 부여"
"pc_rune_haste5","속도 룬","방어구: 신속 상태\n무기: 둔화 부여"
"pc_rune_haste6","속도 룬","방어구: 신속 상태\n무기: 둔화 부여"
"pc_rune_haste7","속도 룬","방어구: 신속 상태\n무기: 둔화 부여"
"pc_rune_ice1","냉기 룬","방어구: 얼음속성 피해량 감소\n무기: 얼음속성 피해 증가"
"pc_rune_ice2","냉기 룬","방어구: 얼음속성 피해량 감소\n무기: 얼음속성 피해 증가"
"pc_rune_ice3","냉기 룬","방어구: 얼음속성 피해량 감소\n무기: 얼음속성 피해 증가"
"pc_rune_ice4","냉기 룬","방어구: 얼음속성 피해량 감소\n무기: 얼음속성 피해 증가"
"pc_rune_ice5","냉기 룬","방어구: 얼음속성 피해량 감소\n무기: 얼음속성 피해 증가"
"pc_rune_ice6","냉기 룬","방어구: 얼음속성 피해량 감소\n무기: 얼음속성 피해 증가"
"pc_rune_ice7","냉기 룬","방어구: 얼음속성 피해량 감소\n무기: 얼음속성 피해 증가"
"pc_rune_liferegen1","생명력 룬","방어구: 생명력 회복량 증가\n무기: 대상 재생 무효화"
"pc_rune_liferegen2","생명력 룬","방어구: 생명력 회복량 증가\n무기: 대상 재생 무효화"
"pc_rune_liferegen3","생명력 룬","방어구: 생명력 회복량 증가\n무기: 대상 재생 무효화"
"pc_rune_liferegen4","생명력 룬","방어구: 생명력 회복량 증가\n무기: 대상 재생 무효화"
"pc_rune_liferegen5","생명력 룬","방어구: 생명력 회복량 증가\n무기: 대상 재생 무효화"
"pc_rune_liferegen6","생명력 룬","방어구: 생명력 회복량 증가\n무기: 대상 재생 무효화"
"pc_rune_liferegen7","생명력 룬","방어구: 생명력 회복량 증가\n무기: 대상 재생 무효화"
"pc_rune_light1","빛 룬","방어구: 빛속성 피해량 감소\n무기: 빛속성 추가 피해"
"pc_rune_light2","빛 룬","방어구: 빛속성 피해량 감소\n무기: 빛속성 추가 피해"
"pc_rune_light3","빛 룬","방어구: 빛속성 피해량 감소\n무기: 빛속성 추가 피해"
"pc_rune_light4","빛 룬","방어구: 빛속성 피해량 감소\n무기: 빛속성 추가 피해"
"pc_rune_light5","빛 룬","방어구: 빛속성 피해량 감소\n무기: 빛속성 추가 피해"
"pc_rune_light6","빛 룬","방어구: 빛속성 피해량 감소\n무기: 빛속성 추가 피해"
"pc_rune_light7","빛 룬","방어구: 빛속성 피해량 감소\n무기: 빛속성 추가 피해"
"pc_rune_physical1","물리력 룬","방어구: 물리 공격 피해량 감소\n무기: 물리 공격 추가 피해"
"pc_rune_physical2","물리력 룬","방어구: 물리 공격 피해량 감소\n무기: 물리 공격 추가 피해"
"pc_rune_physical3","물리력 룬","방어구: 물리 공격 피해량 감소\n무기: 물리 공격 추가 피해"
"pc_rune_physical4","물리력 룬","방어구: 물리 공격 피해량 감소\n무기: 물리 공격 추가 피해"
"pc_rune_physical5","물리력 룬","방어구: 물리 공격 피해량 감소\n무기: 물리 공격 추가 피해"
"pc_rune_physical6","물리력 룬","방어구: 물리 공격 피해량 감소\n무기: 물리 공격 추가 피해"
"pc_rune_physical7","물리력 룬","방어구: 물리 공격 피해량 감소\n무기: 물리 공격 추가 피해"
"pc_rune_poison1","중독 룬","방어구: 중독 저항\n무기: 중독 부여"
"pc_rune_poison2","중독 룬","방어구: 중독 저항\n무기: 중독 부여"
"pc_rune_poison3","중독 룬","방어구: 중독 저항\n무기: 중독 부여"
"pc_rune_poison4","중독 룬","방어구: 중독 저항\n무기: 중독 부여"
"pc_rune_poison5","중독 룬","방어구: 중독 저항\n무기: 중독 부여"
"pc_rune_poison6","중독 룬","방어구: 중독 저항\n무기: 중독 부여"
"pc_rune_poison7","중독 룬","방어구: 중독 저항\n무기: 중독 부여"
"pc_rune_rock1","대지 룬","방어구: 땅속성 피해량 감소\n무기: 땅속성 추가 피해"
"pc_rune_rock2","대지 룬","방어구: 땅속성 피해량 감소\n무기: 땅속성 추가 피해"
"pc_rune_rock3","대지 룬","방어구: 땅속성 피해량 감소\n무기: 땅속성 추가 피해"
"pc_rune_rock4","대지 룬","방어구: 땅속성 피해량 감소\n무기: 땅속성 추가 피해"
"pc_rune_rock5","대지 룬","방어구: 땅속성 피해량 감소\n무기: 땅속성 추가 피해"
"pc_rune_rock6","대지 룬","방어구: 땅속성 피해량 감소\n무기: 땅속성 추가 피해"
"pc_rune_rock7","대지 룬","방어구: 땅속성 피해량 감소\n무기: 땅속성 추가 피해"
"pc_rune_shadow1","그림자 룬","방어구: 그림자속성 피해량 감소\n무기: 그림자속성 추가 피해"
"pc_rune_shadow2","그림자 룬","방어구: 그림자속성 피해량 감소\n무기: 그림자속성 추가 피해"
"pc_rune_shadow3","그림자 룬","방어구: 그림자속성 피해량 감소\n무기: 그림자속성 추가 피해"
"pc_rune_shadow4","그림자 룬","방어구: 그림자속성 피해량 감소\n무기: 그림자속성 추가 피해"
"pc_rune_shadow5","그림자 룬","방어구: 그림자속성 피해량 감소\n무기: 그림자속성 추가 피해"
"pc_rune_shadow6","그림자 룬","방어구: 그림자속성 피해량 감소\n무기: 그림자속성 추가 피해"
"pc_rune_shadow7","그림자 룬","방어구: 그림자속성 피해량 감소\n무기: 그림자속성 추가 피해"
"pc_rune_stab1","관통 룬","방어구: 관통 피해량 감소\n무기: 관통 추가 피해"
"pc_rune_stab2","관통 룬","방어구: 관통 피해량 감소\n무기: 관통 추가 피해"
"pc_rune_stab3","관통 룬","방어구: 관통 피해량 감소\n무기: 관통 추가 피해"
"pc_rune_stab4","관통 룬","방어구: 관통 피해량 감소\n무기: 관통 추가 피해"
"pc_rune_stab5","관통 룬","방어구: 관통 피해량 감소\n무기: 관통 추가 피해"
"pc_rune_stab6","관통 룬","방어구: 관통 피해량 감소\n무기: 관통 추가 피해"
"pc_rune_stab7","관통 룬","방어구: 관통 피해량 감소\n무기: 관통 추가 피해"
"pc_rune_staminaregen1","스태미나 룬","방어구: 스태미나 재생\n무기: 대상 스태미나 재생 무효화"
"pc_rune_staminaregen2","스태미나 룬","방어구: 스태미나 재생\n무기: 대상 스태미나 재생 무효화"
"pc_rune_staminaregen3","스태미나 룬","방어구: 스태미나 재생\n무기: 대상 스태미나 재생 무효화"
"pc_rune_staminaregen4","스태미나 룬","방어구: 스태미나 재생\n무기: 대상 스태미나 재생 무효화"
"pc_rune_staminaregen5","스태미나 룬","방어구: 스태미나 재생\n무기: 대상 스태미나 재생 무효화"
"pc_rune_staminaregen6","스태미나 룬","방어구: 스태미나 재생\n무기: 대상 스태미나 재생 무효화"
"pc_rune_staminaregen7","스태미나 룬","방어구: 스태미나 재생\n무기: 대상 스태미나 재생 무효화"
"pc_rune_thunder1","뇌전 룬","방어구: 번개속성 피해량 감소\n무기: 번개속성 추가 피해"
"pc_rune_thunder2","뇌전 룬","방어구: 번개속성 피해량 감소\n무기: 번개속성 추가 피해"
"pc_rune_thunder3","뇌전 룬","방어구: 번개속성 피해량 감소\n무기: 번개속성 추가 피해"
"pc_rune_thunder4","뇌전 룬","방어구: 번개속성 피해량 감소\n무기: 번개속성 추가 피해"
"pc_rune_thunder5","뇌전 룬","방어구: 번개속성 피해량 감소\n무기: 번개속성 추가 피해"
"pc_rune_thunder6","뇌전 룬","방어구: 번개속성 피해량 감소\n무기: 번개속성 추가 피해"
"pc_rune_thunder7","뇌전 룬","방어구: 번개속성 피해량 감소\n무기: 번개속성 추가 피해"
,,
,,
"pc_small_haste_potion","작은 속도 포션","속도 lv1"
"pc_small_healing_potion","작은 생명력 포션","회복 20 HP"
"pc_small_life_potion","작은 생명력 추가 포션","생명력 추가 lv1"
"pc_small_power_potion","작은 힘 포션","데미지 추가 lv1"
"pc_small_recovery_potion","작은 스태미나 재생 포션","스태미나 재생 lv1"
"pc_small_regen_potion","작은 생명력 재생 포션","생명 재생 lv1"
"pc_small_stamina_potion","작은 스태미나 포션","회복 15 SP"
,,
"pc_catalyst_flask","촉매 플라스크","강력한 촉매제"
"pc_haste_potion","속도 포션","속도 lv2"
"pc_healing_potion","생명력 포션","회복 50 HP"
"pc_life_potion","생명력 추가 포션","생명력 추가 lv2"
"pc_power_potion","힘 포션","데미지 추가 lv2"
"pc_recovery_potion","스태미나 재생 포션","스태미나 재생 lv2"
"pc_regen_potion","생명력 재생 포션","생명 재생 lv2"
"pc_stamina_potion","스태미나 포션","회복 30 SP"
,,
"pc_large_catalyst_flask","대용량 촉매 플라스크","대용량 강력한 촉매제"
"pc_large_haste_potion","대용량 속도 포션","속도 lv3"
"pc_large_healing_potion","대용량 생명력 포션","회복 100 HP"
"pc_large_life_potion","대용량 생명력 추가 포션","생명력 추가 lv3"
"pc_large_power_potion","대용량 힘 포션","데미지 추가 lv3"
"pc_large_recovery_potion","대용량 스태미나 재생 포션","스태미나 재생 lv3"
"pc_large_regen_potion","대용량 생명력 재생 포션","생명 재생 lv3"
"pc_large_stamina_potion","대용량 스태미나 포션","회복 50 SP"
,,
"pc_super_catalyst_flask","초대용량 촉매 플라스크","초대용량 강력한 촉매제"
"pc_super_haste_potion","초대용량 속도 포션","속도 lv4"
"pc_super_healing_potion","초대용량 생명력 포션","회복 200 HP"
"pc_super_life_potion","초대용량 생명력 추가 포션","생명력 추가 lv4"
"pc_super_power_potion","초대용량 힘 포션","데미지 추가 lv4"
"pc_super_recovery_potion","초대용량 스태미나 재생 포션","스태미나 재생 lv4"
"pc_super_regen_potion","초대용량 생명력 재생 포션","생명 재생 lv4"
"pc_super_stamina_potion","초대용량 스태미나 포션","회복 100 SP"
,,
"pc_epic_catalyst_flask","위대한 촉매 플라스크","위대한 강력한 촉매제"
"pc_epic_haste_potion","위대한 속도 포션","속도 lv5"
"pc_epic_healing_potion","위대한 생명력 포션","회복 500 HP"
"pc_epic_life_potion","위대한 생명력 추가 포션","생명력 추가 lv5"
"pc_epic_power_potion","위대한 힘 포션","데미지 추가 lv5"
"pc_epic_recovery_potion","위대한 스태미나 재생 포션","스태미나 재생 lv5"
"pc_epic_regen_potion","위대한 생명력 재생 포션","생명 재생 lv5"
"pc_epic_stamina_potion","위대한 스태미나 포션","회복 200 SP"
,,
"pc_legendary_catalyst_flask","전설의 촉매 플라스크","전설의 강력한 촉매제"
"pc_legendary_haste_potion","전설의 속도 포션","속도 lv6"
"pc_legendary_healing_potion","전설의 생명력 포션","회복 1000 HP"
"pc_legendary_life_potion","전설의 생명력 추가 포션","생명력 추가 lv6"
"pc_legendary_power_potion","전설의 힘 포션","데미지 추가 lv6"
"pc_legendary_recovery_potion","전설의 스태미나 재생 포션","스태미나 재생 lv6"
"pc_legendary_regen_potion","전설의 생명력 재생 포션","생명 재생 lv6"
"pc_legendary_stamina_potion","전설의 스태미나 포션","회복 500 SP"
,,
"pc_divine_catalyst_flask","성스러운 촉매 플라스크","성스러운 강력한 촉매제"
"pc_divine_haste_potion","성스러운 속도 포션","속도 lv7"
"pc_divine_healing_potion","성스러운 생명력 포션","회복 2000 HP"
"pc_divine_life_potion","성스러운 생명력 추가 포션","생명력 추가 lv7"
"pc_divine_power_potion","성스러운 힘 포션","데미지 추가 lv7"
"pc_divine_recovery_potion","성스러운 스태미나 재생 포션","스태미나 재생 lv7"
"pc_divine_regen_potion","성스러운 생명력 재생 포션","생명 재생 lv7"
"pc_divine_stamina_potion","성스러운  스태미나 포션","회복 1000 SP"
,,
"pc_block_foilage_red","빨간 나뭇잎","아름다운 빨간 나뭇잎들."
"pc_companion_shiba","쉬바 코알라","애완동물, 정말 귀엽다."
,,
"pc_middleages_decoration2","마법서","마법을 생성한다."
"pc_jewelry_table","보석작업대","보석을 가공하여 등급을 상승시킨다."
"pc_artic_flower","북극 꽃","북극에서만 자라는 꽃."
"pc_mush_oronge","귤색 버섯","귤색 버섯."
"pc_flesh_platform","살덩이 발판","살덩이로 만든 발판"
,,
"pc_crusher_machine","분쇄기","장비류 아이템을 재활용한다.\n석탄을 사용한다."
"pc_polishing_machine","연마기","보석을 상위의 보석으로 업그레이드 한다.\n영혼을 사용한다."
"pc_transmutation_table","변환기","보석과 룬을 변환한다.\n영혼을 사용한다."
,,
"pc_drop_life_powder","생명력 파우더","회복 100 HP"
"pc_drop_mana_powder","마나 파우더","회복 50 SP"
,,
"pc_companion_jack","잭","호박머리 잭, 사탕과 카라멜을 주기도 한다."
"pc_table_regen","펫 회복센터 ","당신의 펫을 회복시키세요. 영혼이 필요합니다."
,,
"pc_armor_legs_green","드루이드 다리보호구","잊혀진 시대로부터 전해온 고대 드루이드 다리보호구."
"pc_armor_body_green","드루이드 흉갑","잊혀진 시대로부터 전해온 고대 드루이드 흉갑."
"pc_armor_helmet_green","드루이드 투구","잊혀진 시대로부터 전해온 고대 드루이드 투구."
,,
,,
"pc_drop_invincibility_necklace","무적 목걸이","무적 목걸이"
"pc_drop_perilous_necklace_copper","광폭의 구리 목걸이","광폭화 목걸이"
"pc_drop_perilous_necklace_silver","광폭의 순은 목걸이","광폭화 목걸이"
"pc_drop_perilous_necklace_gold","광폭의 황금 목걸이","광폭화 목걸이"
"pc_drop_safe_necklace_copper","생존의 구리 목걸이","생존의 목걸이"
"pc_drop_safe_necklace_silver","생존의 순은 목걸이","생존의 목걸이"
"pc_drop_safe_necklace_gold","생존의 황금 목걸이","생존의 목걸이"
,,
"pc_drop_ring_endurance_iron","인내의 철 반지","인내의 반지, 방어력"
"pc_drop_ring_endurance_silver","인내의 순은 반지","인내의 반지, 방어력"
"pc_drop_ring_endurance_gold","인내의 황금 반지","인내의 반지, 방어력"
,,
"pc_drop_ring_chest_iron","보물의 철 반지","상자 반지"
"pc_drop_ring_chest_silver","보물의 순은 반지","상자 반지"
"pc_drop_ring_chest_gold","보물의 황금 반지","상자 반지"
,,
"pc_drop_ring_ore_iron","광물의 철 반지","광물 반지"
"pc_drop_ring_ore_silver","광물의 순은 반지","광물 반지"
"pc_drop_ring_ore_gold","광물의 황금 반지","광물 반지"
,,
,,
"pc_triggerable_pet_whistle","테이밍 플루트","애완동물이 더욱 잘 당신을 따릅니다."
,,
"pc_drop_artefact_fire_orb","화염의 구체","이 구체에서 이상한 에너지가 나온다."
"pc_drop_artefact_plant_orb","식물의 구체","이 구체에서 이상한 에너지가 나온다."
"pc_drop_artefact_shadow_orb","그림자 구체","이 구체에서 이상한 에너지가 나온다."
"pc_drop_artefact_stone_orb","대지의 구체","이 구체에서 이상한 에너지가 나온다."
" ",,
"pc_drop_alien_part_blood","에일리언 피","무기와 탄약으로 교환할 수 있다. 얼마나 이상한 교환인가."
"pc_drop_alien_part_dart","소울스커의 화살","무기와 탄약으로 교환할 수 있다. 얼마나 이상한 교환인가."
"pc_drop_alien_part_fang","브루트의 송곳니","무기와 탄약으로 교환할 수 있다. 얼마나 이상한 교환인가."
"pc_drop_alien_part_tail","스카베거의 꼬리","무기와 탄약으로 교환할 수 있다. 얼마나 이상한 교환인가."
"pc_drop_alien_part_leg","트리포드 다리","무기와 탄약으로 교환할 수 있다. 얼마나 이상한 교환인가."
"pc_drop_alien_part_brain","마더브레인의 두뇌","무기와 탄약으로 교환할 수 있다. 얼마나 이상한 교환인가."
" ",,
"pc_drop_ammo_pistol","권총 탄약","권총 탄약"
"pc_drop_ammo_shotgun","산탄총 셀","산탄총 탄약"
"pc_drop_ammo_rifle","라이플총 탄약","라이플총 탄약 상자"
"pc_drop_ammo_submachine_gun","기관총 탄약","기관총 탄약"
"pc_drop_ammo_rocket","로켓","로켓, 불 근처에 두지 마세요!"
"pc_drop_ammo_energy_blue","에너지 블루 배터리","상당한 화력을 가진 에너지 배터리."
"pc_drop_ammo_energy_green","에너지 그린 배터리","낮은 화력을 가진 에너지 배터리."
"pc_drop_ammo_energy_red","에너지 레드 배터리","치명적인 화력을 가진 에너지 배터리!"
" ",,
"pc_submachine_gun1","서브머신 건","근거리에서 포구속도가 높은 총."
"pc_riffle1","라이플총","공격용 소총은 효과적이고 정확하며 치명적입니다."
"pc_gun_revolver","연발권총","여러분은 이제 카우보이 모자를 찾기만 하면 됩니다!"
"pc_gun_semi_auto","반자동권총","반자동 권총"
"pc_shotgun1","산탄총","산탄총. 단거리에 최적화 되어있다!"
"pc_rocket_launcher","로켓 발사기","일부는 이 로켓 발사기로 점프를 시도했지만, 결정을 몹시 후회했다."
" ",,
"pc_assault_riffle_tech","삭제기","파란색 에너지 배터리를 탄약으로 사용한 공격용 소총, 궁극의 무기!"
"pc_gun_green_laser","P-400","녹색 에너지 배터리를 탄약으로 사용한 레이저 건"
"pc_gun_blue_laser","P-401","파란색 에너지 배터리를 탄약으로 사용한 레이저 건"
"pc_gun_pump_fire","토스트 제조기","모두 태워버려!"
"pc_gun_steampunk_electric","집행자","적에게 전력을 방출하십시오!"
,,
"pc_triggerable_alien_teleporter","외계 텔레포터","외계 전초기지로 순간이동."
,,
"pc_triggerable_monster_seal1"," 변환 씰 lv1"," 괴물의 영혼을 봉인함으로써 스스로를 변화시킬 수 있습니다."
"pc_triggerable_monster_seal2"," 변환 씰 lv2"," 괴물의 영혼을 봉인함으로써 스스로를 변화시킬 수 있습니다."
"pc_triggerable_monster_seal3"," 변환 씰 lv3"," 괴물의 영혼을 봉인함으로써 스스로를 변화시킬 수 있습니다."
"pc_triggerable_monster_seal4"," 변환 씰 lv4"," 괴물의 영혼을 봉인함으로써 스스로를 변화시킬 수 있습니다."
,,
"pc_armor_mask_invisible"," 투명 투구"," 바닐라 투구 외관 슬롯에 사용해야 합니다."
,,
"pc_drop_hammer_bronze"," 청동 해머"," 당신의 모루를 업그레이드 하는데 사용하세요."
"pc_drop_hammer_iron"," 철 해머"," 당신의 모루를 업그레이드 하는데 사용하세요."
"pc_drop_hammer_steel"," 강철 해머"," 당신의 모루를 업그레이드 하는데 사용하세요."
"pc_drop_hammer_silver"," 순은 해머"," 당신의 모루를 업그레이드 하는데 사용하세요."
"pc_drop_hammer_gold"," 황금 해머"," 당신의 모루를 업그레이드 하는데 사용하세요."
,,
"pc_drop_shadow_armor"," 그림자 아머"," 전설적인 그림자 갑옷"
"pc_drop_shadow_armor_soul"," 그림자 심장"," 그림자 갑옷의 영혼을 간직하고 있습니다."
"pc_drop_shadow_armor_helmet"," 그림자 아머 투구"," 섀도우 갑옷 조립에 사용"
"pc_drop_shadow_armor_chest"," 그림자 아머 흉부"," 섀도우 갑옷 조립에 사용"
"pc_drop_shadow_armor_greaves"," 그림자 아머 하부"," 섀도우 갑옷 조립에 사용"
"pc_drop_shadow_armor_gloves"," 그림자 아머 장갑"," 섀도우 갑옷 조립에 사용"
"pc_drop_shadow_armor_sword"," 그림자 아머 검"," 섀도우 갑옷 조립에 사용"
,,
"pc_drop_small_crystal_castle"," 석재 크리스탈"," 숨겨진 지하감옥으로 안내"
"pc_drop_small_crystal_ice"," 얼음 크리스탈"," 숨겨진 지하감옥으로 안내"
"pc_drop_small_crystal_forest"," 나뭇잎 크리스탈"," 숨겨진 지하감옥으로 안내"
"pc_drop_small_crystal_shadow"," 그림자 크리스탈"," 숨겨진 지하감옥으로 안내"
"pc_drop_small_crystal_hell"," 화염 크리스탈"," 숨겨진 지하감옥으로 안내"
,,
"pc_block_sand_column_center"," 모래 기둥 중심"," 모래 기둥의 한 부분"
"pc_block_sand_column_center2"," 모래 기둥 중심"," 모래 기둥의 한 부분"
"pc_block_sand_column_top"," 모래 기둥 상단"," 모래 기둥의 한 부분"
"pc_block_sand_column_bottom"," 모래 기둥 하단"," 모래 기둥의 한 부분"
,,
"pc_block_sand_columnbig_centerl"," 큰 모래 기둥 좌측 중앙"," 큰 모래 기둥의 한 부분"
"pc_block_sand_columnbig_centerr"," 큰 모래 기둥 우측 중앙"," 큰 모래 기둥의 한 부분"
"pc_block_sand_columnbig_topl"," 큰 모래 기둥 왼쪽 상단"," 큰 모래 기둥의 한 부분"
"pc_block_sand_columnbig_topr"," 큰 모래 기둥 우측 상단"," 큰 모래 기둥의 한 부분"
"pc_block_sand_columnbig_bottoml"," 큰 모래 기둥 왼쪽 하단"," 큰 모래 기둥의 한 부분"
"pc_block_sand_columnbig_bottomr"," 큰 모래 기둥 우측 하단"," 큰 모래 기둥의 한 부분"
,,
"pc_block_castle_column_center1"," 성벽 기둥 중심"," 성벽 기둥의 한 부분"
"pc_block_castle_column_center2"," 성벽 기둥 중심"," 성벽 기둥의 한 부분"
"pc_block_castle_column_top"," 성벽 기둥 상단"," 성벽 기둥의 한 부분"
"pc_block_castle_column_bottom"," 성벽 기둥 하단"," 성벽 기둥의 한 부분"
,,
"pc_block_castle_columnbig_centerl"," 성벽 큰 기둥 왼쪽 중간"," 성벽 큰 기둥의 한 부분"
"pc_block_castle_columnbig_centerr"," 성벽 큰 기둥 오른쪽 중간"," 성벽 큰 기둥의 한 부분"
"pc_block_castle_columnbig_topl"," 성벽 기둥 왼쪽 상단"," 성벽 큰 기둥의 한 부분"
"pc_block_castle_columnbig_topr"," 성벽 기둥 오른쪽 상단"," 성벽 큰 기둥의 한 부분"
"pc_block_castle_columnbig_bottoml"," 성벽 기둥 왼쪽 아래"," 성벽 큰 기둥의 한 부분"
"pc_block_castle_columnbig_bottomr"," 성벽 기둥 오른쪽 아래"," 성벽 큰 기둥의 한 부분"
,,
"pc_staff_magic_fire1_simple"," 초심자 파이어 애로우","  "
"pc_staff_magic_fire1b"," 초심자 파이어 폴 스태프","  "
"pc_staff_magic_fire1c"," 초심자 파이어 레인 스태프","  "
"pc_staff_magic_fire1d"," 초심자 파이어 볼 스태프","  "
"pc_staff_magic_fire1e"," 초심자 파이어 스네이크 스태프","  "
"pc_staff_magic_fire2_simple"," 파이어 볼트 스태프","  "
"pc_staff_magic_fire2b"," 파이어 폴 스태프","  "
"pc_staff_magic_fire2c"," 파이어 레인 스태프","  "
"pc_staff_magic_fire2d"," 파이어 볼 스태프","  "
"pc_staff_magic_fire2e"," 파이어 스네이크 스태프","  "
,,
"pc_staff_magic_ice1_simple"," 초심자 서리 볼트 스태프","  "
"pc_staff_magic_ice1b"," 초심자 서리 폭풍우 스태프","  "
"pc_staff_magic_ice1c"," 초심자 서리 함정 스태프","  "
"pc_staff_magic_ice1d"," 초심자 서리 낙하 스태프","  "
"pc_staff_magic_ice2_simple"," 서리 비 스태프","  "
"pc_staff_magic_ice2b"," 서리 낙하 스태프","  "
"pc_staff_magic_ice2c"," 서리 볼트 스태프","  "
"pc_staff_magic_ice2d"," 서리 낙하 스태프","  "
"pc_staff_magic_ice2e"," 서리 폭풍우 스태프","  "
"pc_staff_magic_ice2f"," 서리 함정 스태프","  "
,,
"pc_staff_magic_elec1_simple"," 초심자 전류 방출 스태프","  "
"pc_staff_magic_elec1b"," 초심자 흐르는 전류 스태프","  "
"pc_staff_magic_elec1c"," 번개 함정 스태프","  "
"pc_staff_magic_elec1d"," 번개 화살 스태프","  "
"pc_staff_magic_elec1e"," 번개 소환 스태프","  "
,,
"pc_staff_magic_elec2_simple"," 전류 공 스태프","  "
"pc_staff_magic_elec2b"," 번개 스태프","  "
"pc_staff_magic_elec2c"," 튀는 번개공 소환 스태프","  "
"pc_staff_magic_elec2d"," 튀는 번개공 낙하 스태프","  "
,,
"pc_staff_magic_stone1_simple"," 바위 분출 스태프","  "
"pc_staff_magic_stone1b"," 소규모 지진 스태프","  "
"pc_staff_magic_stone2_simple"," 단방향 지진 스태프","  "
"pc_staff_magic_stone2b"," 양방향 지진 스태프","  "
"pc_staff_magic_stone2c"," 격노하는 지진 스태프","  "
,,
"pc_staff_magic_light1_simple"," 초심자 성스러운 광선 스태프","  "
"pc_staff_magic_light2_simple"," 성스러운 광선 스태프","  "
"pc_staff_magic_light2b"," 성스러운 초월자의 검 스태프","  "
,,
"pc_staff_magic_wooden"," 마력탄 스태프","  "
